Workbook
Name _1_9: #REF!
Name _2_99: #REF!
Name _9: #REF!
Name _99: #REF!
Name CGRQ: [1]采购!$A$1:$A$2368
Name CGRQ: [1]采购!$A$1:$A$2368
Name CGRQ: [1]采购!$A$1:$A$2368
Name CGRQ: [1]采购!$A$1:$A$2368
Name CGRQ: [1]采购!$A$1:$A$2368
Name CGRQ: [1]采购!$A$1:$A$2368
Name CGRQ: [1]采购!$A$1:$A$2368
Name CGRQ: [1]采购!$A$1:$A$2368
Name CGSL: [1]采购!$B$1:$B$2368
Name CGSL: [1]采购!$B$1:$B$2368
Name CGSL: [1]采购!$B$1:$B$2368
Name CGSL: [1]采购!$B$1:$B$2368
Name CGSL: [1]采购!$B$1:$B$2368
Name CGSL: [1]采购!$B$1:$B$2368
Name CGSL: [1]采购!$B$1:$B$2368
Name CGSL: [1]采购!$B$1:$B$2368
Name month: #REF!
Name 本日付款: #REF!
Name 本月付款: #REF!
Name 采购量: [2]厂内潮玉米日采购量价!#REF!
Name 代号1: #REF!
Name 辅料消耗: #REF!
Name 付款数量: #REF!
Name 含税单价: #REF!
Name 合同号1: #REF!
Name 合同金额: #REF!
Name 合同量: #REF!
Name 签定日期: #REF!
Name 物料表: #REF!

Sheet 果糖
A1: 生产技术部果糖年度生产计划(2025年)
P2: 日 期：2024年9月10日
A3: 项 目 | B3: 单位 | C3: 指标 | D3: 2025年预算
D4: 1月 | E4: 2月 | F4: 3月 | G4: 4月 | H4: 5月 | I4: 6月 | J4: 7月 | K4: 8月 | L4: 9月 | M4: 10月 | N4: 11月 | O4: 12月 | P4: 合计
A5: 一、工时计划
A6: 日历时数 | B6: h | D6: =24*D92 -> 744 | E6: =24*E92 -> 672 | F6: =24*F92 -> 744 | G6: =24*G92 -> 720 | H6: =24*H92 -> 744 | I6: =24*I92 -> 720 | J6: =24*J92 -> 744 | K6: =24*K92 -> 744 | ... O6: =24*O92 -> 744 | P6: =SUM(D6:O6) -> 8760
A7: 计划工时 | B7: h | D7: =D6-D9 -> 650 | E7: =E6-E9 -> 407 | F7: =F6-F9 -> 644 | G7: =G6-G9 -> 540 | H7: =H6-H9 -> 744 | I7: =I6-I9 -> 720 | J7: =J6-J9 -> 744 | K7: =K6-K9 -> 744 | ... O7: =O6-O9 -> 744 | P7: =SUM(D7:O7) -> 7629
A8: 计划工时 | B8: 天 | D8: =D7/24 -> 27.083333 | E8: =E7/24 -> 16.958333 | F8: =F7/24 -> 26.833333 | G8: =G7/24 -> 22.5 | H8: =H7/24 -> 31 | I8: =I7/24 -> 30 | J8: =J7/24 -> 31 | K8: =K7/24 -> 31 | ... P8: =P7/24 -> 317.875
A9: 停车时数 | B9: h | D9: =SUM(D10:D12) -> 94 | E9: =SUM(E10:E12) -> 265 | F9: =SUM(F10:F12) -> 100 | G9: =SUM(G10:G12) -> 180 | H9: =SUM(H10:H12) -> 0 | I9: =SUM(I10:I12) -> 0 | J9: =SUM(J10:J12) -> 0 | K9: =SUM(K10:K12) -> 0 | ... O9: =SUM(O10:O12) -> 0 | P9: =SUM(D9:O9) -> 1131
A10: 计划停车 | B10: h | D10: 94 | E10: 265 | F10: 100 | G10: 180 | H10: 0 | I10: 0 | J10: 0 | K10: 0 | L10: 120 | M10: 186 | N10: 186 | O10: 0 | P10: =SUM(D10:O10) -> 1131 | T10: 108 | U10: 260 | V10: 200 | W10: 360 | X10: 0 | Y10: 0 | Z10: 0 | AA10: 0 | AB10: 240 | AC10: 372 | AD10: 372 | AE10: 0
A11: 非计划停车 | B11: h | P11: =SUM(D11:O11) -> 0 | T11: 80 | U11: 270
A12: 外部原因停车 | B12: h | P12: =SUM(D12:O12) -> 0 | T12: =(T10+T11)/2 -> 94 | U12: =(U10+U11)/2 -> 265 | V12: =(V10+V11)/2 -> 100 | W12: =(W10+W11)/2 -> 180 | X12: =(X10+X11)/2 -> 0 | Y12: =(Y10+Y11)/2 -> 0 | Z12: =(Z10+Z11)/2 -> 0 | AA12: =(AA10+AA11)/2 -> 0 | ... AE12: =(AE10+AE11)/2 -> 0
A13: 二、绝干收率 | D13: 120 | E13: 0 | F13: 120 | G13: 120 | H13: 240 | I13: 120 | J13: 360 | K13: 360 | L13: 90 | M13: 0 | N13: 120 | O13: 150
A14: 果糖 | B14: % | D14: =IF(D35=0,0,1/D35) -> 1.0803818 | E14: =IF(E35=0,0,1/E35) -> 1.0803112 | F14: =IF(F35=0,0,1/F35) -> 1.0802223 | G14: =IF(G35=0,0,1/G35) -> 1.0799701 | H14: =IF(H35=0,0,1/H35) -> 1.0803597 | I14: =IF(I35=0,0,1/I35) -> 1.0803513 | J14: =IF(J35=0,0,1/J35) -> 1.0803308 | K14: =IF(K35=0,0,1/K35) -> 1.0803854 | ... P14: =IF(P35=0,0,1/P35) -> 1.0799136
A15: 三、生产负荷计划 | P15: =SUM(D15:O15) -> 0
A16: 果糖装置 | B16: % | D16: =IF(D7=0,0,(D18+D24)/D7/(333+480)*24) -> 0.87850128 | E16: =IF(E7=0,0,(E18+E24)/E7/(333+480)*24) -> 0.80165372 | F16: =IF(F7=0,0,(F18+F24)/F7/(333+480)*24) -> 0.64518347 | G16: =IF(G7=0,0,(G18+G24)/G7/(333+480)*24) -> 0.55252153 | H16: =IF(H7=0,0,(H18+H24)/H7/(333+480)*24) -> 0.7209856 | I16: =IF(I7=0,0,(I18+I24)/I7/(333+480)*24) -> 0.75086101 | J16: =IF(J7=0,0,(J18+J24)/J7/(333+480)*24) -> 0.73362298 | K16: =IF(K7=0,0,(K18+K24)/K7/(333+480)*24) -> 0.73235329 | ... P16: =IF(P7=0,0,(P18+P24)/P7/(333+480)*24) -> 0.66887904 | Q16: ？？
A17: 四、产品产量 | D17: =D18+D24+D29+D30 -> 20266.236 | E17: =E18+E24+E29+E30 -> 11358.46 | F17: =F18+F24+F29+F30 -> 14531.012 | G17: =G18+G24+G29+G30 -> 11042.722 | H17: =H18+H24+H29+H30 -> 18968.192 | I17: =I18+I24+I29+I30 -> 19211.004 | J17: =J18+J24+J29+J30 -> 19507.636 | K17: =K18+K24+K29+K30 -> 19365.3 | ... O17: =O18+O24+O29+O30 -> 16934.5 | P17: =SUM(D17:O17) -> 182037.06 | Q17: =P17+葡萄糖!P18+麦芽糖!P18 -> 204103.06 | R17: 总销量
A18: 果糖F42(71%) | B18: t | D18: =果糖一线!D18+果糖二线!D18 -> 343.5 | E18: =果糖一线!E18+果糖二线!E18 -> 52.5 | F18: =果糖一线!F18+果糖二线!F18 -> 75 | G18: =果糖一线!G18+果糖二线!G18 -> 107 | H18: =果糖一线!H18+果糖二线!H18 -> 171 | I18: =果糖一线!I18+果糖二线!I18 -> 313.5 | J18: =果糖一线!J18+果糖二线!J18 -> 489.5 | K18: =果糖一线!K18+果糖二线!K18 -> 457.5 | ... O18: =果糖一线!O18+果糖二线!O18 -> 97.5 | P18: =SUM(D18:O18) -> 2860 | Q18: =P18+P24+P29+P30 -> 182037.06 | R18: 果糖产量
A19: 可乐标准 | B19: t | D19: =果糖一线!D19+果糖二线!D19 -> 0 | E19: =果糖一线!E19+果糖二线!E19 -> 0 | F19: =果糖一线!F19+果糖二线!F19 -> 0 | G19: =果糖一线!G19+果糖二线!G19 -> 0 | H19: =果糖一线!H19+果糖二线!H19 -> 0 | I19: =果糖一线!I19+果糖二线!I19 -> 0 | J19: =果糖一线!J19+果糖二线!J19 -> 0 | K19: =果糖一线!K19+果糖二线!K19 -> 0 | ... O19: =果糖一线!O19+果糖二线!O19 -> 0 | P19: =SUM(D19:O19) -> 0
A20: 比重 | B20: % | D20: =IF(D18=0,0,D19/D18) -> 0 | E20: =IF(E18=0,0,E19/E18) -> 0 | F20: =IF(F18=0,0,F19/F18) -> 0 | G20: =IF(G18=0,0,G19/G18) -> 0 | H20: =IF(H18=0,0,H19/H18) -> 0 | I20: =IF(I18=0,0,I19/I18) -> 0 | J20: =IF(J18=0,0,J19/J18) -> 0 | K20: =IF(K18=0,0,K19/K18) -> 0 | ... P20: =IF(P18=0,0,P19/P18) -> 0
A21: 国标 | B21: t | D21: =D18-D19 -> 343.5 | E21: =E18-E19 -> 52.5 | F21: =F18-F19 -> 75 | G21: =G18-G19 -> 107 | H21: =H18-H19 -> 171 | I21: =I18-I19 -> 313.5 | J21: =J18-J19 -> 489.5 | K21: =K18-K19 -> 457.5 | ... O21: =O18-O19 -> 97.5 | P21: =SUM(D21:O21) -> 2860
A22: 比重 | B22: % | D22: =IF(D18=0,0,D21/D18) -> 1 | E22: =IF(E18=0,0,E21/E18) -> 1 | F22: =IF(F18=0,0,F21/F18) -> 1 | G22: =IF(G18=0,0,G21/G18) -> 1 | H22: =IF(H18=0,0,H21/H18) -> 1 | I22: =IF(I18=0,0,I21/I18) -> 1 | J22: =IF(J18=0,0,J21/J18) -> 1 | K22: =IF(K18=0,0,K21/K18) -> 1 | ... P22: =IF(P18=0,0,P21/P18) -> 1
A23: 果糖F42折绝干 | B23: t | D23: =D18*0.71 -> 243.885 | E23: =E18*0.71 -> 37.275 | F23: =F18*0.71 -> 53.25 | G23: =G18*0.71 -> 75.97 | H23: =H18*0.71 -> 121.41 | I23: =I18*0.71 -> 222.585 | J23: =J18*0.71 -> 347.545 | K23: =K18*0.71 -> 324.825 | ... P23: =P18*0.71 -> 2030.6 | Q23: =P18+P24+P29+P30+葡萄糖!P18+麦芽糖!P18 -> 204103.06 | R23: 总产量
A24: 果糖F55(77%) | B24: t | D24: =D25 -> 19000 | E24: =E25 -> 11000 | F24: =F25 -> 14000 | G24: =G25 -> 10000 | H24: =H25 -> 18000 | I24: =I25 -> 18000 | J24: =J25 -> 18000 | K24: =K25 -> 18000 | ... O24: =O25 -> 16000 | P24: =SUM(D24:O24) -> 170000
A25: 可乐标准 | B25: t | D25: =果糖一线!D25+果糖二线!D25 -> 19000 | E25: =果糖一线!E25+果糖二线!E25 -> 11000 | F25: =果糖一线!F25+果糖二线!F25 -> 14000 | G25: =果糖一线!G25+果糖二线!G25 -> 10000 | H25: =果糖一线!H25+果糖二线!H25 -> 18000 | I25: =果糖一线!I25+果糖二线!I25 -> 18000 | J25: =果糖一线!J25+果糖二线!J25 -> 18000 | K25: =果糖一线!K25+果糖二线!K25 -> 18000 | ... O25: =果糖一线!O25+果糖二线!O25 -> 16000 | P25: =SUM(D25:O25) -> 170000
A26: 比重 | B26: % | D26: =IF(D24=0,0,D25/D24) -> 1 | E26: =IF(E24=0,0,E25/E24) -> 1 | F26: =IF(F24=0,0,F25/F24) -> 1 | G26: =IF(G24=0,0,G25/G24) -> 1 | H26: =IF(H24=0,0,H25/H24) -> 1 | I26: =IF(I24=0,0,I25/I24) -> 1 | J26: =IF(J24=0,0,J25/J24) -> 1 | K26: =IF(K24=0,0,K25/K24) -> 1 | ... P26: =IF(P24=0,0,P25/P24) -> 1 | S26: =P18+P25+P29+P30+葡萄糖!P18+葡萄糖!P19+麦芽糖!P18+混配糖!P18 -> 228473.73
A27: 国标 | B27: t | D27: =D24-D25 -> 0 | E27: =E24-E25 -> 0 | F27: =F24-F25 -> 0 | G27: =G24-G25 -> 0 | H27: =H24-H25 -> 0 | I27: =I24-I25 -> 0 | J27: =J24-J25 -> 0 | K27: =K24-K25 -> 0 | ... O27: =O24-O25 -> 0 | P27: =SUM(D27:O27) -> 0
A28: 比重 | B28: % | D28: =IF(D24=0,0,D27/D24) -> 0 | E28: =IF(E24=0,0,E27/E24) -> 0 | F28: =IF(F24=0,0,F27/F24) -> 0 | G28: =IF(G24=0,0,G27/G24) -> 0 | H28: =IF(H24=0,0,H27/H24) -> 0 | I28: =IF(I24=0,0,I27/I24) -> 0 | J28: =IF(J24=0,0,J27/J24) -> 0 | K28: =IF(K24=0,0,K27/K24) -> 0 | ... P28: =IF(P24=0,0,P27/P24) -> 0
A29: 果糖F60(73.5%) | B29: t | D29: =果糖一线!D29+果糖二线!D29 -> 922.736 | E29: =果糖一线!E29+果糖二线!E29 -> 305.96 | F29: =果糖一线!F29+果糖二线!F29 -> 456.012 | G29: =果糖一线!G29+果糖二线!G29 -> 935.722 | H29: =果糖一线!H29+果糖二线!H29 -> 698.192 | I29: =果糖一线!I29+果糖二线!I29 -> 798.504 | J29: =果糖一线!J29+果糖二线!J29 -> 919.136 | K29: =果糖一线!K29+果糖二线!K29 -> 907.8 | ... O29: =果糖一线!O29+果糖二线!O29 -> 837 | P29: =SUM(D29:O29) -> 8880.062
A30: 果糖90(77%) | B30: t | D30: =果糖一线!D30+果糖二线!D30 -> 0 | E30: =果糖一线!E30+果糖二线!E30 -> 0 | F30: =果糖一线!F30+果糖二线!F30 -> 0 | G30: =果糖一线!G30+果糖二线!G30 -> 0 | H30: =果糖一线!H30+果糖二线!H30 -> 99 | I30: =果糖一线!I30+果糖二线!I30 -> 99 | J30: =果糖一线!J30+果糖二线!J30 -> 99 | K30: =果糖一线!K30+果糖二线!K30 -> 0 | ... O30: =果糖一线!O30+果糖二线!O30 -> 0 | P30: =SUM(D30:O30) -> 297
A31: 果糖F55折绝干 | B31: t | D31: =(D24+D30)*0.77+D29*0.735 -> 15308.211 | E31: =(E24+E30)*0.77+E29*0.735 -> 8694.8806 | F31: =(F24+F30)*0.77+F29*0.735 -> 11115.169 | G31: =(G24+G30)*0.77+G29*0.735 -> 8387.7557 | H31: =(H24+H30)*0.77+H29*0.735 -> 14449.401 | I31: =(I24+I30)*0.77+I29*0.735 -> 14523.13 | J31: =(J24+J30)*0.77+J29*0.735 -> 14611.795 | K31: =(K24+K30)*0.77+K29*0.735 -> 14527.233 | ... O31: =(O24+O30)*0.77+O29*0.735 -> 12935.195 | P31: =SUM(D31:O31) -> 137655.54
A32: 绝干果糖合计 | B32: t | D32: =D23+D31 -> 15552.096 | E32: =E23+E31 -> 8732.1556 | F32: =F23+F31 -> 11168.419 | G32: =G23+G31 -> 8463.7257 | H32: =H23+H31 -> 14570.811 | I32: =I23+I31 -> 14745.715 | J32: =J23+J31 -> 14959.34 | K32: =K23+K31 -> 14852.058 | ... P32: =P23+P31 -> 139686.14
A33: 五、辅助材料消耗计划 | D33: =D34/0.87 -> 16545.977 | E33: =E34/0.87 -> 9290.8046 | F33: =F34/0.87 -> 11883.908 | G33: =G34/0.87 -> 9008.046 | H33: =H34/0.87 -> 15502.299 | I33: =I34/0.87 -> 15688.506 | J33: =J34/0.87 -> 15916.092 | K33: =K34/0.87 -> 15801.149 | ... P33: =P34/0.87 -> 148628.74 | Q33: 商品单耗 | R33: 2020年预算
A34: 淀粉(绝干) | B34: t | D34: =ROUND(D35*D$32,0) -> 14395 | E34: =ROUND(E35*E$32,0) -> 8083 | F34: =ROUND(F35*F$32,0) -> 10339 | G34: =ROUND(G35*G$32,0) -> 7837 | H34: =ROUND(H35*H$32,0) -> 13487 | I34: =ROUND(I35*I$32,0) -> 13649 | J34: =ROUND(J35*J$32,0) -> 13847 | K34: =ROUND(K35*K$32,0) -> 13747 | ... O34: =ROUND(O35*O$32,0) -> 12036 | P34: =SUM(D34:O34) -> 129307
A35: 单耗 | B35: t/t | D35: =(果糖一线!D34+果糖二线!D34)/D$32 -> 0.92559871 | E35: =(果糖一线!E34+果糖二线!E34)/E$32 -> 0.92565918 | F35: =(果糖一线!F34+果糖二线!F34)/F$32 -> 0.92573534 | G35: =(果糖一线!G34+果糖二线!G34)/G$32 -> 0.92595156 | H35: =(果糖一线!H34+果糖二线!H34)/H$32 -> 0.92561765 | I35: =(果糖一线!I34+果糖二线!I34)/I$32 -> 0.92562481 | J35: =(果糖一线!J34+果糖二线!J34)/J$32 -> 0.92564244 | K35: =(果糖一线!K34+果糖二线!K34)/K$32 -> 0.92559563 | ... O35: =(果糖一线!O34+果糖二线!O34)/O$32 -> 0.92553147 | P35: =ROUND(IF(P$32=0,0,P34/P$32),3) -> 0.926 | Q35: =P35*0.77/0.86 -> 0.82909302 | R35: 0.82909302
A36: 盐酸(折百) | B36: kg | D36: =ROUND(D37*D$32,2) -> 60930.76 | E36: =ROUND(E37*E$32,2) -> 35292.16 | F36: =ROUND(F37*F$32,2) -> 44056.85 | G36: =ROUND(G37*G$32,2) -> 31823.61 | H36: =ROUND(H37*H$32,2) -> 57842.01 | I36: =ROUND(I37*I$32,2) -> 58499.65 | J36: =ROUND(J37*J$32,2) -> 59302.87 | K36: =ROUND(K37*K$32,2) -> 58862.14 | ... O36: =ROUND(O37*O$32,2) -> 52188.8 | P36: =SUM(D36:O36) -> 549476.93
A37: 单耗 | B37: kg/t | D37: =(果糖一线!D36+果糖二线!D36)/D$32 -> 3.9178488 | E37: =(果糖一线!E36+果糖二线!E36)/E$32 -> 4.0416321 | F37: =(果糖一线!F36+果糖二线!F36)/F$32 -> 3.9447706 | G37: =(果糖一线!G36+果糖二线!G36)/G$32 -> 3.7600002 | H37: =(果糖一线!H36+果糖二线!H36)/H$32 -> 3.9697179 | I37: =(果糖一线!I36+果糖二线!I36)/I$32 -> 3.9672304 | J37: =(果糖一线!J36+果糖二线!J36)/J$32 -> 3.9642705 | K37: =(果糖一线!K36+果糖二线!K36)/K$32 -> 3.9632312 | ... O37: =(果糖一线!O36+果糖二线!O36)/O$32 -> 4.0131586 | P37: =ROUND(IF(P$32=0,0,P36/P$32),3) -> 3.934 | Q37: =P37*0.77 -> 3.02918 | R37: 4.774
A38: 氢氧化钠(折百) | B38: kg | D38: =ROUND(D39*D$32,2) -> 71645.35 | E38: =ROUND(E39*E$32,2) -> 41279.82 | F38: =ROUND(F39*F$32,2) -> 50938.14 | G38: =ROUND(G39*G$32,2) -> 35124.46 | H38: =ROUND(H39*H$32,2) -> 68326.51 | I38: =ROUND(I39*I$32,2) -> 69052.36 | J38: =ROUND(J39*J$32,2) -> 69938.91 | K38: =ROUND(K39*K$32,2) -> 69397.64 | ... O38: =ROUND(O39*O$32,2) -> 62003.72 | P38: =SUM(D38:O38) -> 638881.77
A39: 单耗 | B39: kg/t | D39: =(果糖一线!D38+果糖二线!D38)/D$32 -> 4.6067971 | E39: =(果糖一线!E38+果糖二线!E38)/E$32 -> 4.7273345 | F39: =(果糖一线!F38+果糖二线!F38)/F$32 -> 4.5609088 | G39: =(果糖一线!G38+果糖二线!G38)/G$32 -> 4.1499998 | H39: =(果糖一线!H38+果糖二线!H38)/H$32 -> 4.6892729 | I39: =(果糖一线!I38+果糖二线!I38)/I$32 -> 4.6828762 | J39: =(果糖一线!J38+果糖二线!J38)/J$32 -> 4.6752671 | K39: =(果糖一线!K38+果糖二线!K38)/K$32 -> 4.6725942 | ... O39: =(果糖一线!O38+果糖二线!O38)/O$32 -> 4.7678958 | P39: =ROUND(IF(P$32=0,0,P38/P$32),3) -> 4.574 | Q39: =P39*0.77 -> 3.52198 | R39: 5.005
A40: 硅藻土 | B40: kg | D40: =ROUND(D41*D$32,2) -> 5971.4 | E40: =ROUND(E41*E$32,2) -> 3492.86 | F40: =ROUND(F41*F$32,2) -> 4386.48 | G40: =ROUND(G41*G$32,2) -> 3300.85 | H40: =ROUND(H41*H$32,2) -> 5682.62 | I40: =ROUND(I41*I$32,2) -> 5750.83 | J40: =ROUND(J41*J$32,2) -> 5834.14 | K40: =ROUND(K41*K$32,2) -> 5792.3 | ... O40: =ROUND(O41*O$32,2) -> 5010.12 | P40: =SUM(D40:O40) -> 54486.38
A41: 单耗 | B41: kg/t | D41: =(果糖一线!D40+果糖二线!D40)/D$32 -> 0.38396111 | E41: =(果糖一线!E40+果糖二线!E40)/E$32 -> 0.39999974 | F41: =(果糖一线!F40+果糖二线!F40)/F$32 -> 0.39275748 | G41: =(果糖一线!G40+果糖二线!G40)/G$32 -> 0.38999964 | H41: =(果糖一线!H40+果糖二线!H40)/H$32 -> 0.39000025 | I41: =(果糖一线!I40+果糖二线!I40)/I$32 -> 0.39000007 | J41: =(果糖一线!J40+果糖二线!J40)/J$32 -> 0.38999983 | K41: =(果糖一线!K40+果糖二线!K40)/K$32 -> 0.38999982 | ... O41: =(果糖一线!O40+果糖二线!O40)/O$32 -> 0.38526286 | P41: =ROUND(IF(P$32=0,0,P40/P$32),3) -> 0.39 | Q41: =P41*0.77 -> 0.3003 | R41: 1.5015
A42: 活性炭 | B42: kg | D42: =ROUND(D43*D$32,2) -> 3841.37 | E42: =ROUND(E43*E$32,2) -> 2156.84 | F42: =ROUND(F43*F$32,2) -> 2758.6 | G42: =ROUND(G43*G$32,2) -> 2090.54 | H42: =ROUND(H43*H$32,2) -> 3598.99 | I42: =ROUND(I43*I$32,2) -> 3642.19 | J42: =ROUND(J43*J$32,2) -> 3694.96 | K42: =ROUND(K43*K$32,2) -> 3668.46 | ... O42: =ROUND(O43*O$32,2) -> 3212.09 | P42: =SUM(D42:O42) -> 34502.48
A43: 单耗 | B43: kg/t | D43: =(果糖一线!D42+果糖二线!D42)/D$32 -> 0.24700015 | E43: =(果糖一线!E42+果糖二线!E42)/E$32 -> 0.24699972 | F43: =(果糖一线!F42+果糖二线!F42)/F$32 -> 0.24700005 | G43: =(果糖一线!G42+果糖二线!G42)/G$32 -> 0.24699997 | H43: =(果糖一线!H42+果糖二线!H42)/H$32 -> 0.24699998 | I43: =(果糖一线!I42+果糖二线!I42)/I$32 -> 0.24699988 | J43: =(果糖一线!J42+果糖二线!J42)/J$32 -> 0.2470002 | K43: =(果糖一线!K42+果糖二线!K42)/K$32 -> 0.24700011 | ... O43: =(果糖一线!O42+果糖二线!O42)/O$32 -> 0.24699987 | P43: =ROUND(IF(P$32=0,0,P42/P$32),3) -> 0.247 | Q43: =P43*0.77 -> 0.19019 | R43: 0.154
A44: α耐高温淀粉酶 | B44: kg | D44: =ROUND(D45*D$32,2) -> 2344.94 | E44: =ROUND(E45*E$32,2) -> 1334.05 | F44: =ROUND(F45*F$32,2) -> 1745.78 | G44: =ROUND(G45*G$32,2) -> 1430.37 | H44: =ROUND(H45*H$32,2) -> 2175.6 | I44: =ROUND(I45*I$32,2) -> 2205.16 | J44: =ROUND(J45*J$32,2) -> 2241.27 | K44: =ROUND(K45*K$32,2) -> 2226.64 | ... O44: =ROUND(O45*O$32,2) -> 1914.39 | P44: =SUM(D44:O44) -> 21542.07
A45: 单耗 | B45: kg/t | D45: =(果糖一线!D44+果糖二线!D44)/D$32 -> 0.15077968 | E45: =(果糖一线!E44+果糖二线!E44)/E$32 -> 0.15277442 | F45: =(果糖一线!F44+果糖二线!F44)/F$32 -> 0.15631398 | G45: =(果糖一线!G44+果糖二线!G44)/G$32 -> 0.16900004 | H45: =(果糖一线!H44+果糖二线!H44)/H$32 -> 0.14931221 | I45: =(果糖一线!I44+果糖二线!I44)/I$32 -> 0.14954581 | J45: =(果糖一线!J44+果糖二线!J44)/J$32 -> 0.14982412 | K45: =(果糖一线!K44+果糖二线!K44)/K$32 -> 0.14992131 | ... O45: =(果糖一线!O44+果糖二线!O44)/O$32 -> 0.14721072 | P45: =ROUND(IF(P$32=0,0,P44/P$32),3) -> 0.154 | Q45: =P45*0.77 -> 0.11858 | R45: 0.1617
A46: 复合糖化酶 | B46: kg | D46: =ROUND(D47*D$32,2) -> 4043.54 | E46: =ROUND(E47*E$32,2) -> 2270.36 | F46: =ROUND(F47*F$32,2) -> 2903.79 | G46: =ROUND(G47*G$32,2) -> 2200.57 | H46: =ROUND(H47*H$32,2) -> 3788.41 | I46: =ROUND(I47*I$32,2) -> 3833.89 | J46: =ROUND(J47*J$32,2) -> 3889.43 | K46: =ROUND(K47*K$32,2) -> 3861.54 | ... O46: =ROUND(O47*O$32,2) -> 3381.15 | P46: =SUM(D46:O46) -> 36318.4
A47: 单耗 | B47: kg/t | D47: =(果糖一线!D46+果糖二线!D46)/D$32 -> 0.25999968 | E47: =(果糖一线!E46+果糖二线!E46)/E$32 -> 0.25999995 | F47: =(果糖一线!F46+果糖二线!F46)/F$32 -> 0.2600001 | G47: =(果糖一线!G46+果糖二线!G46)/G$32 -> 0.26000016 | H47: =(果糖一线!H46+果糖二线!H46)/H$32 -> 0.25999994 | I47: =(果糖一线!I46+果糖二线!I46)/I$32 -> 0.26000027 | J47: =(果糖一线!J46+果糖二线!J46)/J$32 -> 0.26000011 | K47: =(果糖一线!K46+果糖二线!K46)/K$32 -> 0.26000033 | ... O47: =(果糖一线!O46+果糖二线!O46)/O$32 -> 0.26000006 | P47: =ROUND(IF(P$32=0,0,P46/P$32),3) -> 0.26 | Q47: =P47*0.77 -> 0.2002 | R47: 0.3619
A48: 异构酶 | B48: kg | D48: =ROUND(D49*D$32,2) -> 1617.42 | E48: =ROUND(E49*E$32,2) -> 908.14 | F48: =ROUND(F49*F$32,2) -> 1161.52 | G48: =ROUND(G49*G$32,2) -> 880.23 | H48: =ROUND(H49*H$32,2) -> 1515.37 | I48: =ROUND(I49*I$32,2) -> 1533.56 | J48: =ROUND(J49*J$32,2) -> 1555.77 | K48: =ROUND(K49*K$32,2) -> 1544.61 | ... O48: =ROUND(O49*O$32,2) -> 1352.46 | P48: =SUM(D48:O48) -> 14527.37
A49: 单耗 | B49: kg/t | D49: =(果糖一线!D48+果糖二线!D48)/D$32 -> 0.10400013 | E49: =(果糖一线!E48+果糖二线!E48)/E$32 -> 0.10399952 | F49: =(果糖一线!F48+果糖二线!F48)/F$32 -> 0.1040004 | G49: =(果糖一线!G48+果糖二线!G48)/G$32 -> 0.1040003 | H49: =(果糖一线!H48+果糖二线!H48)/H$32 -> 0.10400039 | I49: =(果糖一线!I48+果糖二线!I48)/I$32 -> 0.10400038 | J49: =(果糖一线!J48+果糖二线!J48)/J$32 -> 0.10399991 | K49: =(果糖一线!K48+果糖二线!K48)/K$32 -> 0.10399973 | ... O49: =(果糖一线!O48+果糖二线!O48)/O$32 -> 0.10400002 | P49: =ROUND(IF(P$32=0,0,P48/P$32),3) -> 0.104 | Q49: =P49*0.77 -> 0.08008 | R49: 0.077
A50: 硫酸镁（食品级） | B50: kg | D50: =ROUND(D51*D$32,2) -> 5267.83 | E50: =ROUND(E51*E$32,2) -> 3081.98 | F50: =ROUND(F51*F$32,2) -> 3886.24 | G50: =ROUND(G51*G$32,2) -> 2970.77 | H50: =ROUND(H51*H$32,2) -> 4921.03 | I50: =ROUND(I51*I$32,2) -> 4982.42 | J50: =ROUND(J51*J$32,2) -> 5057.4 | K50: =ROUND(K51*K$32,2) -> 5022.11 | ... O50: =ROUND(O51*O$32,2) -> 4373.59 | P50: =SUM(D50:O50) -> 47858.55
A51: 单耗 | B51: kg/t | D51: =(果糖一线!D50+果糖二线!D50)/D$32 -> 0.33872155 | E51: =(果糖一线!E50+果糖二线!E50)/E$32 -> 0.35294607 | F51: =(果糖一线!F50+果糖二线!F50)/F$32 -> 0.34796689 | G51: =(果糖一线!G50+果糖二线!G50)/G$32 -> 0.35100027 | H51: =(果糖一线!H50+果糖二线!H50)/H$32 -> 0.33773206 | I51: =(果糖一线!I50+果糖二线!I50)/I$32 -> 0.33788934 | J51: =(果糖一线!J50+果糖二线!J50)/J$32 -> 0.33807641 | K51: =(果糖一线!K50+果糖二线!K50)/K$32 -> 0.33814236 | ... O51: =(果糖一线!O50+果糖二线!O50)/O$32 -> 0.33631565 | P51: =ROUND(IF(P$32=0,0,P50/P$32),3) -> 0.343 | Q51: =P51*0.77 -> 0.26411 | R51: 0.3696
A52: 焦亚硫酸钠（食品级） | B52: kg | D52: =ROUND(D53*D$32,2) -> 5267.83 | E52: =ROUND(E53*E$32,2) -> 3081.98 | F52: =ROUND(F53*F$32,2) -> 3886.24 | G52: =ROUND(G53*G$32,2) -> 2970.77 | H52: =ROUND(H53*H$32,2) -> 4921.03 | I52: =ROUND(I53*I$32,2) -> 4982.42 | J52: =ROUND(J53*J$32,2) -> 5057.4 | K52: =ROUND(K53*K$32,2) -> 5022.11 | ... O52: =ROUND(O53*O$32,2) -> 4373.59 | P52: =SUM(D52:O52) -> 47858.55
A53: 单耗 | B53: kg/t | D53: =(果糖一线!D52+果糖二线!D52)/D$32 -> 0.33872155 | E53: =(果糖一线!E52+果糖二线!E52)/E$32 -> 0.35294607 | F53: =(果糖一线!F52+果糖二线!F52)/F$32 -> 0.34796689 | G53: =(果糖一线!G52+果糖二线!G52)/G$32 -> 0.35100027 | H53: =(果糖一线!H52+果糖二线!H52)/H$32 -> 0.33773206 | I53: =(果糖一线!I52+果糖二线!I52)/I$32 -> 0.33788934 | J53: =(果糖一线!J52+果糖二线!J52)/J$32 -> 0.33807641 | K53: =(果糖一线!K52+果糖二线!K52)/K$32 -> 0.33814236 | ... O53: =(果糖一线!O52+果糖二线!O52)/O$32 -> 0.33631565 | P53: =ROUND(IF(P$32=0,0,P52/P$32),3) -> 0.343 | Q53: =P53*0.77 -> 0.26411 | R53: 0.3696
A54: 六、能源动力消耗计划
A55: 水 | B55: t | D55: =ROUND(D56*D$32,0) -> 48791 | E55: =ROUND(E56*E$32,0) -> 28157 | F55: =ROUND(F56*F$32,0) -> 34883 | G55: =ROUND(G56*G$32,0) -> 24545 | H55: =ROUND(H56*H$32,0) -> 46371 | I55: =ROUND(I56*I$32,0) -> 46879 | J55: =ROUND(J56*J$32,0) -> 47498 | K55: =ROUND(K56*K$32,0) -> 47137 | ... O55: =ROUND(O56*O$32,0) -> 41984 | P55: =SUM(D55:O55) -> 436630
A56: 单耗 | B56: t/t | D56: =(果糖一线!D55+果糖二线!D55)/D$32 -> 3.137262 | E56: =(果糖一线!E55+果糖二线!E55)/E$32 -> 3.2245188 | F56: =(果糖一线!F55+果糖二线!F55)/F$32 -> 3.1233607 | G56: =(果糖一线!G55+果糖二线!G55)/G$32 -> 2.9000231 | H56: =(果糖一线!H55+果糖二线!H55)/H$32 -> 3.1824584 | I56: =(果糖一线!I55+果糖二线!I55)/I$32 -> 3.1791608 | J56: =(果糖一线!J55+果糖二线!J55)/J$32 -> 3.1751401 | K56: =(果糖一线!K55+果糖二线!K55)/K$32 -> 3.1737689 | ... O56: =(果糖一线!O55+果糖二线!O55)/O$32 -> 3.2284408 | P56: =ROUND(IF(P$32=0,0,P55/P$32),3) -> 3.126 | Q56: =P56*0.77 -> 2.40702 | R56: 2.8028
A57: 电 | B57: 万Kw.h | D57: =ROUND(D58*D$32,0)/10000 -> 135.9119 | E57: =ROUND(E58*E$32,0)/10000 -> 78.227 | F57: =ROUND(F58*F$32,0)/10000 -> 96.6274 | G57: =ROUND(G58*G$32,0)/10000 -> 66.9481 | H57: =ROUND(H58*H$32,0)/10000 -> 129.536 | I57: =ROUND(I58*I$32,0)/10000 -> 130.9195 | J57: =ROUND(J58*J$32,0)/10000 -> 132.6093 | K57: =ROUND(K58*K$32,0)/10000 -> 131.5862 | ... O57: =ROUND(O58*O$32,0)/10000 -> 117.5394 | P57: =SUM(D57:O57) -> 1212.137
A58: 单耗 | B58: Kw.h/t | D58: =(果糖一线!D57+果糖二线!D57)/D$32*10000 -> 87.391372 | E58: =(果糖一线!E57+果糖二线!E57)/E$32*10000 -> 89.584982 | F58: =(果糖一线!F57+果糖二线!F57)/F$32*10000 -> 86.518424 | G58: =(果糖一线!G57+果糖二线!G57)/G$32*10000 -> 79.100035 | H58: =(果糖一线!H57+果糖二线!H57)/H$32*10000 -> 88.901022 | I58: =(果糖一线!I57+果糖二线!I57)/I$32*10000 -> 88.784773 | J58: =(果糖一线!J57+果糖二线!J57)/J$32*10000 -> 88.646491 | K58: =(果糖一线!K57+果糖二线!K57)/K$32*10000 -> 88.597957 | ... O58: =(果糖一线!O57+果糖二线!O57)/O$32*10000 -> 90.384192 | P58: =ROUND(IF(P$32=0,0,P57/P$32*10000),3) -> 86.776 | Q58: =P58*0.77 -> 66.81752 | R58: 74.998
A59: 蒸汽 | B59: t | D59: =ROUND(D60*D$32,0) -> 6758 | E59: =ROUND(E60*E$32,0) -> 3935 | F59: =ROUND(F60*F$32,0) -> 5072 | G59: =ROUND(G60*G$32,0) -> 4147 | H59: =ROUND(H60*H$32,0) -> 6242 | I59: =ROUND(I60*I$32,0) -> 6328 | J59: =ROUND(J60*J$32,0) -> 6432 | K59: =ROUND(K60*K$32,0) -> 6390 | ... O59: =ROUND(O60*O$32,0) -> 5578 | P59: =SUM(D59:O59) -> 62430
A60: 单耗 | B60: t/t | D60: =(果糖一线!D59+果糖二线!D59)/D$32 -> 0.4345395 | E60: =(果糖一线!E59+果糖二线!E59)/E$32 -> 0.45063329 | F60: =(果糖一线!F59+果糖二线!F59)/F$32 -> 0.4541377 | G60: =(果糖一线!G59+果糖二线!G59)/G$32 -> 0.48997335 | H60: =(果糖一线!H59+果糖二线!H59)/H$32 -> 0.4283907 | I60: =(果糖一线!I59+果糖二线!I59)/I$32 -> 0.42914161 | J60: =(果糖一线!J59+果糖二线!J59)/J$32 -> 0.42996549 | K60: =(果糖一线!K59+果糖二线!K59)/K$32 -> 0.4302434 | ... O60: =(果糖一线!O59+果糖二线!O59)/O$32 -> 0.42893109 | P60: =ROUND(IF(P$32=0,0,P59/P$32),3) -> 0.447 | Q60: =P60*0.77 -> 0.34419 | R60: 0.4697
A61: 天然气 | B61: M3 | D61: =ROUND(D62*D$32,0) -> 12037 | E61: =ROUND(E62*E$32,0) -> 6955 | F61: =ROUND(F62*F$32,0) -> 8661 | G61: =ROUND(G62*G$32,0) -> 6517 | H61: =ROUND(H62*H$32,0) -> 11282 | I61: =ROUND(I62*I$32,0) -> 11416 | J61: =ROUND(J62*J$32,0) -> 11581 | K61: =ROUND(K62*K$32,0) -> 11498 | ... O61: =ROUND(O62*O$32,0) -> 10281 | P61: =SUM(D61:O61) -> 108864
A62: 单耗 | B62: M3/t | D62: =(果糖一线!D61+果糖二线!D61)/D$32 -> 0.77397928 | E62: =(果糖一线!E61+果糖二线!E61)/E32 -> 0.79648146 | F62: =(果糖一线!F61+果糖二线!F61)/F32 -> 0.77549026 | G62: =(果糖一线!G61+果糖二线!G61)/G32 -> 0.76999188 | H62: =(果糖一线!H61+果糖二线!H61)/H32 -> 0.77428771 | I62: =(果糖一线!I61+果糖二线!I61)/I32 -> 0.77419099 | J62: =(果糖一线!J61+果糖二线!J61)/J32 -> 0.77416517 | K62: =(果糖一线!K61+果糖二线!K61)/K32 -> 0.77416881 | L62: =(果糖一线!L61+果糖二线!L61)/L32 -> 0.77311415 | ... O62: =(果糖一线!O61+果糖二线!O61)/O32 -> 0.79057736 | P62: =ROUND(IF(P$32=0,0,P61/P$32),3) -> 0.779 | Q62: =P62*0.77 -> 0.59983 | R62: 1.92731
A63: 七、污水排放计划
A64: 排水总量 | B64: m3 | C64: 3.2 | D64: =ROUND((D32)*$C$64,0) -> 49767 | E64: =ROUND((E32)*$C$64,0) -> 27943 | F64: =ROUND((F32)*$C$64,0) -> 35739 | G64: =ROUND((G32)*$C$64,0) -> 27084 | H64: =ROUND((H32)*$C$64,0) -> 46627 | I64: =ROUND((I32)*$C$64,0) -> 47186 | J64: =ROUND((J32)*$C$64,0) -> 47870 | K64: =ROUND((K32)*$C$64,0) -> 47527 | ... O64: =ROUND((O32)*$C$64,0) -> 41614 | P64: =SUM(D64:O64) -> 446997
A65: COD总量 | B65: t | D65: =D64*D66/1000000 -> 139.3476 | E65: =E64*E66/1000000 -> 78.2404 | F65: =F64*F66/1000000 -> 100.0692 | G65: =G64*G66/1000000 -> 75.8352 | H65: =H64*H66/1000000 -> 130.5556 | I65: =I64*I66/1000000 -> 132.1208 | J65: =J64*J66/1000000 -> 134.036 | K65: =K64*K66/1000000 -> 133.0756 | ... P65: =P64*P66/1000000 -> 1251.5916
A66: COD浓度 | B66: mg/l | D66: =[3]果糖!D64 -> 2800 | E66: =[3]果糖!E64 -> 2800 | F66: =[3]果糖!F64 -> 2800 | G66: =[3]果糖!G64 -> 2800 | H66: =[3]果糖!H64 -> 2800 | I66: =[3]果糖!I64 -> 2800 | J66: =[3]果糖!J64 -> 2800 | K66: =[3]果糖!K64 -> 2800 | ... P66: =[3]果糖!P64 -> 2800
A67: SS总量 | B67: t | D67: =D64*D68/1000000 -> 0 | E67: =E64*E68/1000000 -> 0 | F67: =F64*F68/1000000 -> 0 | G67: =G64*G68/1000000 -> 0 | H67: =H64*H68/1000000 -> 0 | I67: =I64*I68/1000000 -> 0 | J67: =J64*J68/1000000 -> 0 | K67: =K64*K68/1000000 -> 0 | ... P67: =P64*P68/1000000 -> 0
A68: SS浓度 | B68: mg/l
A69: 八、包装形式 | Q69: 暂未更新
A70: 果糖F42 | D70: =D18 -> 343.5 | E70: =E18 -> 52.5 | F70: =F18 -> 75 | G70: =G18 -> 107 | H70: =H18 -> 171 | I70: =I18 -> 313.5 | J70: =J18 -> 489.5 | K70: =K18 -> 457.5 | ... O70: =O18 -> 97.5 | P70: =SUM(D70:O70) -> 2860
A71: 吨箱 | P71: =SUM(D71:O71) -> 0
A72: 槽车 | D72: =D70-D71-D73 -> 343.5 | E72: =E70-E71-E73 -> 52.5 | F72: =F70-F71-F73 -> 75 | G72: =G70-G71-G73 -> 107 | H72: =H70-H71-H73 -> 171 | I72: =I70-I71-I73 -> 313.5 | J72: =J70-J71-J73 -> 489.5 | K72: =K70-K71-K73 -> 457.5 | ... O72: =O70-O71-O73 -> 97.5 | P72: =SUM(D72:O72) -> 2860
A73: 液袋 | P73: =SUM(D73:O73) -> 0
A74: 果糖F55 | D74: =D24 -> 19000 | E74: =E24 -> 11000 | F74: =F24 -> 14000 | G74: =G24 -> 10000 | H74: =H24 -> 18000 | I74: =I24 -> 18000 | J74: =J24 -> 18000 | K74: =K24 -> 18000 | ... O74: =O24 -> 16000 | P74: =SUM(D74:O74) -> 170000
A75: 吨箱 | P75: =SUM(D75:O75) -> 0
A76: 槽车 | D76: =D74-D75 -> 19000 | E76: =E74-E75 -> 11000 | F76: =F74-F75 -> 14000 | G76: =G74-G75 -> 10000 | H76: =H74-H75 -> 18000 | I76: =I74-I75 -> 18000 | J76: =J74-J75 -> 18000 | K76: =K74-K75 -> 18000 | ... O76: =O74-O75 -> 16000 | P76: =SUM(D76:O76) -> 170000
A77: 液袋 | D77: =D74-D75-D76 -> 0 | E77: =E74-E75-E76 -> 0 | F77: =F74-F75-F76 -> 0 | G77: =G74-G75-G76 -> 0 | H77: =H74-H75-H76 -> 0 | I77: =I74-I75-I76 -> 0 | J77: =J74-J75-J76 -> 0 | K77: =K74-K75-K76 -> 0 | ... O77: =O74-O75-O76 -> 0 | P77: =SUM(D77:O77) -> 0
A78: 果糖F60(73.5%) | D78: =D29 -> 922.736 | E78: =E29 -> 305.96 | F78: =F29 -> 456.012 | G78: =G29 -> 935.722 | H78: =H29 -> 698.192 | I78: =I29 -> 798.504 | J78: =J29 -> 919.136 | K78: =K29 -> 907.8 | ... O78: =O29 -> 837 | P78: =SUM(D78:O78) -> 8880.062
A79: 吨箱 | P79: =SUM(D79:O79) -> 0
A80: 槽车 | D80: =D78-D79 -> 922.736 | E80: =E78-E79 -> 305.96 | F80: =F78-F79 -> 456.012 | G80: =G78-G79 -> 935.722 | H80: =H78-H79 -> 698.192 | I80: =I78-I79 -> 798.504 | J80: =J78-J79 -> 919.136 | K80: =K78-K79 -> 907.8 | ... O80: =O78-O79 -> 837 | P80: =SUM(D80:O80) -> 8880.062
A81: 液袋 | D81: =D78-D79-D80 -> 0 | E81: =E78-E79-E80 -> 0 | F81: =F78-F79-F80 -> 0 | G81: =G78-G79-G80 -> 0 | H81: =H78-H79-H80 -> 0 | I81: =I78-I79-I80 -> 0 | J81: =J78-J79-J80 -> 0 | K81: =K78-K79-K80 -> 0 | ... O81: =O78-O79-O80 -> 0 | P81: =SUM(D81:O81) -> 0
A82: 主管副总： | H82: 部门经理： | N82: 编制：
A83: 注：表格中绿色部分为自动计算，原则上不允许修改，如需修改请及时与财务部预算处相关预算员沟通。
A84: 总产量 | D84: =SUM(D85:D89) -> 25374.876 | E84: =SUM(E85:E89) -> 13767.1 | F84: =SUM(F85:F89) -> 16989.182 | G84: =SUM(G85:G89) -> 14898.426 | H84: =SUM(H85:H89) -> 23260.348 | I84: =SUM(I85:I89) -> 23308.684 | J84: =SUM(J85:J89) -> 25035.824 | K84: =SUM(K85:K89) -> 27064.204 | ... P84: =SUM(P85:P89) -> 236955.73
A85: 葡萄糖 | D85: =葡萄糖!D18 -> 450 | E85: =葡萄糖!E18 -> 330 | F85: =葡萄糖!F18 -> 450 | G85: =葡萄糖!G18 -> 630 | H85: =葡萄糖!H18 -> 630 | I85: =葡萄糖!I18 -> 660 | J85: =葡萄糖!J18 -> 1260 | K85: =葡萄糖!K18 -> 1260 | ... P85: =葡萄糖!P18 -> 9520
A86: 玉米糖浆 | D86: =Sheet2!B10 -> 1600 | E86: =Sheet2!C10 -> 700 | F86: =Sheet2!D10 -> 300 | G86: =Sheet2!E10 -> 300 | H86: =Sheet2!F10 -> 840 | I86: =Sheet2!G10 -> 420 | J86: =Sheet2!H10 -> 480 | K86: =Sheet2!I10 -> 1620 | ... O86: =Sheet2!M10 -> 1620 | P86: =SUM(D86:O86) -> 9440
A87: 混配糖浆 | D87: =Sheet2!B7 -> 2608.64 | E87: =Sheet2!C7 -> 702.64 | F87: =Sheet2!D7 -> 1063.17 | G87: =Sheet2!E7 -> 1959.704 | H87: =Sheet2!F7 -> 1820.156 | I87: =Sheet2!G7 -> 1563.68 | J87: =Sheet2!H7 -> 2268.188 | K87: =Sheet2!I7 -> 2731.904 | ... O87: =Sheet2!M7 -> 2160 | P87: =SUM(D87:O87) -> 23412.666
A88: 麦芽糖 | D88: =麦芽糖!D18 -> 450 | E88: =麦芽糖!E18 -> 676 | F88: =麦芽糖!F18 -> 645 | G88: =麦芽糖!G18 -> 966 | H88: =麦芽糖!H18 -> 1002 | I88: =麦芽糖!I18 -> 1454 | J88: =麦芽糖!J18 -> 1520 | K88: =麦芽糖!K18 -> 2087 | ... P88: =麦芽糖!P18 -> 12546
A89: 总果糖产量 | D89: =D90+D91 -> 20266.236 | E89: =E90+E91 -> 11358.46 | F89: =F90+F91 -> 14531.012 | G89: =G90+G91 -> 11042.722 | H89: =H90+H91 -> 18968.192 | I89: =I90+I91 -> 19211.004 | J89: =J90+J91 -> 19507.636 | K89: =K90+K91 -> 19365.3 | ... P89: =P90+P91 -> 182037.06
A90: 一线产量 | D90: =果糖一线!D18+果糖一线!D24+果糖一线!D29+果糖一线!D30 -> 8000 | E90: =果糖一线!E18+果糖一线!E24+果糖一线!E29+果糖一线!E30 -> 4000 | F90: =果糖一线!F18+果糖一线!F24+果糖一线!F29+果糖一线!F30 -> 4000 | G90: =果糖一线!G18+果糖一线!G24+果糖一线!G29+果糖一线!G30 -> 0 | H90: =果糖一线!H18+果糖一线!H24+果糖一线!H29+果糖一线!H30 -> 8099 | I90: =果糖一线!I18+果糖一线!I24+果糖一线!I29+果糖一线!I30 -> 8099 | J90: =果糖一线!J18+果糖一线!J24+果糖一线!J29+果糖一线!J30 -> 8099 | K90: =果糖一线!K18+果糖一线!K24+果糖一线!K29+果糖一线!K30 -> 8000 | ... P90: =果糖一线!P18+果糖一线!P24+果糖一线!P29+果糖一线!P30 -> 58297
A91: 二线产量 | D91: =果糖二线!D18+果糖二线!D24+果糖二线!D29+果糖二线!D30 -> 12266.236 | E91: =果糖二线!E18+果糖二线!E24+果糖二线!E29+果糖二线!E30 -> 7358.46 | F91: =果糖二线!F18+果糖二线!F24+果糖二线!F29+果糖二线!F30 -> 10531.012 | G91: =果糖二线!G18+果糖二线!G24+果糖二线!G29+果糖二线!G30 -> 11042.722 | H91: =果糖二线!H18+果糖二线!H24+果糖二线!H29+果糖二线!H30 -> 10869.192 | I91: =果糖二线!I18+果糖二线!I24+果糖二线!I29+果糖二线!I30 -> 11112.004 | J91: =果糖二线!J18+果糖二线!J24+果糖二线!J29+果糖二线!J30 -> 11408.636 | K91: =果糖二线!K18+果糖二线!K24+果糖二线!K29+果糖二线!K30 -> 11365.3 | ... P91: =果糖二线!P18+果糖二线!P24+果糖二线!P29+果糖二线!P30 -> 123740.06
A92: 日历天数 | D92: 31 | E92: 28 | F92: 31 | G92: 30 | H92: 31 | I92: 30 | J92: 31 | K92: 31 | L92: 30 | M92: 31 | N92: 30 | O92: 31 | P92: =P6/24 -> 365

Sheet 葡萄糖
A1: 生产技术部麦芽糖年度生产计划(2025年)
P2: =能源消耗!Q2 -> 日 期：2024年9月10日
A3: 项 目 | B3: 单位 | C3: 指标 | D3: =果糖!D3 -> 2025年预算
D4: 1月 | E4: 2月 | F4: 3月 | G4: 4月 | H4: 5月 | I4: 6月 | J4: 7月 | K4: 8月 | L4: 9月 | M4: 10月 | N4: 11月 | O4: 12月 | P4: 合计
A5: 一、工时计划
A6: 日历时数 | B6: h | D6: 744 | E6: 672 | F6: 744 | G6: 720 | H6: 744 | I6: 720 | J6: 744 | K6: 744 | L6: 720 | M6: 744 | N6: 720 | O6: 744 | P6: =SUM(D6:O6) -> 8760
A7: 计划工时 | B7: h | D7: =D6-D9 -> 39 | E7: =E6-E9 -> 27 | F7: =F6-F9 -> 39 | G7: =G6-G9 -> 50 | H7: =H6-H9 -> 54 | I7: =I6-I9 -> 55 | J7: =J6-J9 -> 104 | K7: =K6-K9 -> 104 | ... O7: =O6-O9 -> 64 | P7: =SUM(D7:O7) -> 790
A8: 计划工时 | B8: 天 | D8: =D7/24 -> 1.625 | E8: =E7/24 -> 1.125 | F8: =F7/24 -> 1.625 | G8: =G7/24 -> 2.0833333 | H8: =H7/24 -> 2.25 | I8: =I7/24 -> 2.2916667 | J8: =J7/24 -> 4.3333333 | K8: =K7/24 -> 4.3333333 | ... P8: =P7/24 -> 32.916667
A9: 停车时数 | B9: h | D9: =SUM(D10:D12) -> 705 | E9: =SUM(E10:E12) -> 645 | F9: =SUM(F10:F12) -> 705 | G9: =SUM(G10:G12) -> 670 | H9: =SUM(H10:H12) -> 690 | I9: =SUM(I10:I12) -> 665 | J9: =SUM(J10:J12) -> 640 | K9: =SUM(K10:K12) -> 640 | ... O9: =SUM(O10:O12) -> 680 | P9: =SUM(D9:O9) -> 7970
A10: 计划停车 | B10: h | D10: 705 | E10: 645 | F10: 705 | G10: 670 | H10: 690 | I10: 665 | J10: 640 | K10: 640 | L10: 630 | M10: 660 | N10: 640 | O10: 680 | P10: =SUM(D10:O10) -> 7970
A11: 非计划停车 | B11: h | P11: =SUM(D11:O11) -> 0
A12: 外部原因停车 | B12: h | P12: =SUM(D12:O12) -> 0
A13: 二、绝干收率
A14: 葡萄糖 | B14: % | D14: =IF(D27=0,0,1/D27) -> 1.0799136 | E14: =IF(E27=0,0,1/E27) -> 1.0799136 | F14: =IF(F27=0,0,1/F27) -> 1.0799136 | G14: =IF(G27=0,0,1/G27) -> 1.0799136 | H14: =IF(H27=0,0,1/H27) -> 1.0799136 | I14: =IF(I27=0,0,1/I27) -> 1.0799136 | J14: =IF(J27=0,0,1/J27) -> 1.0799136 | K14: =IF(K27=0,0,1/K27) -> 1.0799136 | ... P14: =IF(P27=0,0,1/P27) -> 1.0799148
A15: 三、生产负荷计划 | P15: =SUM(D15:O15) -> 0
A16: 果糖装置 | B16: % | D16: =IF(D7=0,0,(D18)/D7/333*24) -> 0.83160083 | E16: =IF(E7=0,0,(E18)/E7/333*24) -> 0.88088088 | F16: =IF(F7=0,0,(F18)/F7/333*24) -> 0.83160083 | G16: =IF(G7=0,0,(G18)/G7/333*24) -> 0.90810811 | H16: =IF(H7=0,0,(H18)/H7/333*24) -> 0.84084084 | I16: =IF(I7=0,0,(I18)/I7/333*24) -> 0.86486486 | J16: =IF(J7=0,0,(J18)/J7/333*24) -> 0.87318087 | K16: =IF(K7=0,0,(K18)/K7/333*24) -> 0.87318087 | ... P16: =IF(P7=0,0,(P18)/P7/333*24) -> 0.86851408
A17: 四、产品产量 | D17: 120 | E17: 0 | F17: 60 | G17: 120 | H17: 120 | I17: 120 | J17: 120 | K17: 120 | L17: 90 | M17: 0 | N17: 60 | O17: 150
A18: 葡萄糖(60%) | B18: t | D18: 450 | E18: 330 | F18: 450 | G18: 630 | H18: 630 | I18: 660 | J18: 1260 | K18: 1260 | L18: 1060 | M18: 1030 | N18: 930 | O18: 830 | P18: =SUM(D18:O18) -> 9520
A19: 安琪标准 | B19: t | D19: 64 | E19: 64 | F19: 210 | G19: 364 | H19: 64 | I19: 0 | J19: 0 | K19: 0 | L19: 0 | M19: 64 | N19: 64 | O19: 64 | P19: =SUM(D19:O19) -> 958
A20: 比重 | B20: % | P20: =IF(P18=0,0,P19/P18) -> 0.10063025
A21: 国标 | B21: t | P21: =SUM(D21:O21) -> 0
A22: 比重 | B22: % | P22: =IF(P18=0,0,P21/P18) -> 0
A23: 葡萄糖折绝干 | B23: t | D23: =D18*0.6+D19*0.7 -> 314.8 | E23: =E18*0.6+E19*0.7 -> 242.8 | F23: =F18*0.6+F19*0.7 -> 417 | G23: =G18*0.6+G19*0.7 -> 632.8 | H23: =H18*0.6+H19*0.7 -> 422.8 | I23: =I18*0.6+I19*0.7 -> 396 | J23: =J18*0.6+J19*0.7 -> 756 | K23: =K18*0.6+K19*0.7 -> 756 | ... P23: =P18*0.6+P19*0.7 -> 6382.6
A24: 绝干果糖合计 | B24: t | D24: =D23 -> 314.8 | E24: =E23 -> 242.8 | F24: =F23 -> 417 | G24: =G23 -> 632.8 | H24: =H23 -> 422.8 | I24: =I23 -> 396 | J24: =J23 -> 756 | K24: =K23 -> 756 | ... P24: =P23 -> 6382.6
A25: 五、辅助材料消耗计划 | D25: =D26/0.87 -> 335.05747 | E25: =E26/0.87 -> 258.42529 | F25: =F26/0.87 -> 443.83908 | G25: =G26/0.87 -> 673.52874 | H25: =H26/0.87 -> 450.01149 | I25: =I26/0.87 -> 421.49425 | J25: =J26/0.87 -> 804.66667 | K25: =K26/0.87 -> 804.66667 | ... P25: =P26/0.87 -> 6793.4253 | Q25: 商品单耗
A26: 淀粉(绝干) | B26: t | D26: =ROUND(D27*D$24,2) -> 291.5 | E26: =ROUND(E27*E$24,2) -> 224.83 | F26: =ROUND(F27*F$24,2) -> 386.14 | G26: =ROUND(G27*G$24,2) -> 585.97 | H26: =ROUND(H27*H$24,2) -> 391.51 | I26: =ROUND(I27*I$24,2) -> 366.7 | J26: =ROUND(J27*J$24,2) -> 700.06 | K26: =ROUND(K27*K$24,2) -> 700.06 | ... O26: =ROUND(O27*O$24,2) -> 502.63 | P26: =SUM(D26:O26) -> 5910.28 | R26: 2020年预算
A27: 单耗 | B27: t/t | D27: 0.926 | E27: 0.926 | F27: 0.926 | G27: 0.926 | H27: 0.926 | I27: 0.926 | J27: 0.926 | K27: 0.926 | L27: 0.926 | M27: 0.926 | N27: 0.926 | O27: 0.926 | P27: =ROUND(IF(P$24=0,0,P26/P$24),6) -> 0.925999 | Q27: =O27*0.6/0.86 -> 0.64604651 | R27: 0.66069767 | S27: =R27*0.86/0.6 -> 0.947
A28: 盐酸(折百) | B28: kg | D28: =ROUND(D29*D$24,2) -> 1636.96 | E28: =ROUND(E29*E$24,2) -> 1357.25 | F28: =ROUND(F29*F$24,2) -> 2331.03 | G28: =ROUND(G29*G$24,2) -> 3353.84 | H28: =ROUND(H29*H$24,2) -> 2198.56 | I28: =ROUND(I29*I$24,2) -> 2059.2 | J28: =ROUND(J29*J$24,2) -> 3931.2 | K28: =ROUND(K29*K$24,2) -> 3931.2 | ... O28: =ROUND(O29*O$24,2) -> 2822.56 | P28: =SUM(D28:O28) -> 33763.88
A29: 单耗 | B29: kg/t | D29: 5.2 | E29: 5.59 | F29: 5.59 | G29: 5.3 | H29: 5.2 | I29: 5.2 | J29: 5.2 | K29: 5.2 | L29: 5.4 | M29: 5.3 | N29: 5.3 | O29: 5.2 | P29: =ROUND(IF(P$24=0,0,P28/P$24),3) -> 5.29 | Q29: =O29*0.6 -> 3.12 | R29: 3.24
A30: 氢氧化钠(折百) | B30: kg | D30: =ROUND(D31*D$24,2) -> 1674.74 | E30: =ROUND(E31*E$24,2) -> 1381.53 | F30: =ROUND(F31*F$24,2) -> 2372.73 | G30: =ROUND(G31*G$24,2) -> 3385.48 | H30: =ROUND(H31*H$24,2) -> 2249.3 | I30: =ROUND(I31*I$24,2) -> 2106.72 | J30: =ROUND(J31*J$24,2) -> 4021.92 | K30: =ROUND(K31*K$24,2) -> 4021.92 | ... O30: =ROUND(O31*O$24,2) -> 2887.7 | P30: =SUM(D30:O30) -> 34371
A31: 单耗 | B31: kg/t | D31: 5.32 | E31: 5.69 | F31: 5.69 | G31: 5.35 | H31: 5.32 | I31: 5.32 | J31: 5.32 | K31: 5.32 | L31: 5.5 | M31: 5.35 | N31: 5.35 | O31: 5.32 | P31: =ROUND(IF(P$24=0,0,P30/P$24),3) -> 5.385 | Q31: =O31*0.6 -> 3.192 | R31: 3.3
A32: 硅藻土 | B32: kg | D32: =ROUND(D33*D$24,2) -> 302.21 | E32: =ROUND(E33*E$24,2) -> 250.08 | F32: =ROUND(F33*F$24,2) -> 429.51 | G32: =ROUND(G33*G$24,2) -> 632.8 | H32: =ROUND(H33*H$24,2) -> 405.89 | I32: =ROUND(I33*I$24,2) -> 380.16 | J32: =ROUND(J33*J$24,2) -> 725.76 | K32: =ROUND(K33*K$24,2) -> 725.76 | ... O32: =ROUND(O33*O$24,2) -> 521.09 | P32: =SUM(D32:O32) -> 6319.38
A33: 单耗 | B33: kg/t | D33: 0.96 | E33: 1.03 | F33: 1.03 | G33: 1 | H33: 0.96 | I33: 0.96 | J33: 0.96 | K33: 0.96 | L33: 1.07 | M33: 1 | N33: 1 | O33: 0.96 | P33: =ROUND(IF(P$24=0,0,P32/P$24),3) -> 0.99 | Q33: =O33*0.6 -> 0.576 | R33: 0.6
A34: 活性炭 | B34: kg | D34: =ROUND(D35*D$24,2) -> 57.61 | E34: =ROUND(E35*E$24,2) -> 44.43 | F34: =ROUND(F35*F$24,2) -> 76.31 | G34: =ROUND(G35*G$24,2) -> 115.8 | H34: =ROUND(H35*H$24,2) -> 77.37 | I34: =ROUND(I35*I$24,2) -> 72.47 | J34: =ROUND(J35*J$24,2) -> 138.35 | K34: =ROUND(K35*K$24,2) -> 138.35 | ... O34: =ROUND(O35*O$24,2) -> 99.33 | P34: =SUM(D34:O34) -> 1168.01
A35: 单耗 | B35: kg/t | D35: 0.183 | E35: 0.183 | F35: 0.183 | G35: 0.183 | H35: 0.183 | I35: 0.183 | J35: 0.183 | K35: 0.183 | L35: 0.183 | M35: 0.183 | N35: 0.183 | O35: 0.183 | P35: =ROUND(IF(P$24=0,0,P34/P$24),3) -> 0.183 | Q35: =O35*0.6 -> 0.1098 | R35: 0.108
A36: α耐高温淀粉酶 | B36: kg | D36: =ROUND(D37*D$24,2) -> 57.61 | E36: =ROUND(E37*E$24,2) -> 44.43 | F36: =ROUND(F37*F$24,2) -> 76.31 | G36: =ROUND(G37*G$24,2) -> 115.8 | H36: =ROUND(H37*H$24,2) -> 77.37 | I36: =ROUND(I37*I$24,2) -> 72.47 | J36: =ROUND(J37*J$24,2) -> 138.35 | K36: =ROUND(K37*K$24,2) -> 138.35 | ... O36: =ROUND(O37*O$24,2) -> 99.33 | P36: =SUM(D36:O36) -> 1168.01
A37: 单耗 | B37: kg/t | D37: 0.183 | E37: 0.183 | F37: 0.183 | G37: 0.183 | H37: 0.183 | I37: 0.183 | J37: 0.183 | K37: 0.183 | L37: 0.183 | M37: 0.183 | N37: 0.183 | O37: 0.183 | P37: =ROUND(IF(P$24=0,0,P36/P$24),3) -> 0.183 | Q37: =O37*0.6 -> 0.1098 | R37: 0.168
A38: 复合糖化酶 | B38: kg | D38: =ROUND(D39*D$24,2) -> 99.79 | E38: =ROUND(E39*E$24,2) -> 76.97 | F38: =ROUND(F39*F$24,2) -> 132.19 | G38: =ROUND(G39*G$24,2) -> 200.6 | H38: =ROUND(H39*H$24,2) -> 134.03 | I38: =ROUND(I39*I$24,2) -> 125.53 | J38: =ROUND(J39*J$24,2) -> 239.65 | K38: =ROUND(K39*K$24,2) -> 239.65 | ... O38: =ROUND(O39*O$24,2) -> 172.07 | P38: =SUM(D38:O38) -> 2023.29
A39: 单耗 | B39: kg/t | D39: 0.317 | E39: 0.317 | F39: 0.317 | G39: 0.317 | H39: 0.317 | I39: 0.317 | J39: 0.317 | K39: 0.317 | L39: 0.317 | M39: 0.317 | N39: 0.317 | O39: 0.317 | P39: =ROUND(IF(P$24=0,0,P38/P$24),3) -> 0.317 | Q39: =O39*0.6 -> 0.1902 | R39: 0.3
A40: 六、能源动力消耗计划
A41: 水 | B41: t | D41: =ROUND(D42*D$24,0) -> 1228 | E41: =ROUND(E42*E$24,0) -> 1005 | F41: =ROUND(F42*F$24,0) -> 1726 | G41: =ROUND(G42*G$24,0) -> 2531 | H41: =ROUND(H42*H$24,0) -> 1649 | I41: =ROUND(I42*I$24,0) -> 1544 | J41: =ROUND(J42*J$24,0) -> 2948 | K41: =ROUND(K42*K$24,0) -> 2948 | ... O41: =ROUND(O42*O$24,0) -> 2117 | P41: =SUM(D41:O41) -> 25302
A42: 单耗 | B42: t/t | D42: 3.9 | E42: 4.14 | F42: 4.14 | G42: 4 | H42: 3.9 | I42: 3.9 | J42: 3.9 | K42: 3.9 | L42: 4 | M42: 4 | N42: 4 | O42: 3.9 | P42: =ROUND(IF(P$24=0,0,P41/P$24),3) -> 3.964 | Q42: =O42*0.6 -> 2.34 | R42: 2.4
A43: 电 | B43: 万Kw.h | D43: =ROUND(D44*D$24,0)/10000 -> 2.2036 | E43: =ROUND(E44*E$24,0)/10000 -> 1.8084 | F43: =ROUND(F44*F$24,0)/10000 -> 3.1058 | G43: =ROUND(G44*G$24,0)/10000 -> 4.4296 | H43: =ROUND(H44*H$24,0)/10000 -> 2.9596 | I43: =ROUND(I44*I$24,0)/10000 -> 2.772 | J43: =ROUND(J44*J$24,0)/10000 -> 5.292 | K43: =ROUND(K44*K$24,0)/10000 -> 5.292 | ... O43: =ROUND(O44*O$24,0)/10000 -> 3.7996 | P43: =SUM(D43:O43) -> 45.101
A44: 单耗 | B44: Kw.h/t | D44: 70 | E44: 74.48 | F44: 74.48 | G44: 70 | H44: 70 | I44: 70 | J44: 70 | K44: 70 | L44: 72 | M44: 70 | N44: 70 | O44: 70 | P44: =ROUND(IF(P$24=0,0,P43/P$24*10000),3) -> 70.662 | Q44: =O44*0.6 -> 42 | R44: 43.2
A45: 蒸汽 | B45: t | D45: =ROUND(D46*D$24,0) -> 277 | E45: =ROUND(E46*E$24,0) -> 217 | F45: =ROUND(F46*F$24,0) -> 372 | G45: =ROUND(G46*G$24,0) -> 563 | H45: =ROUND(H46*H$24,0) -> 372 | I45: =ROUND(I46*I$24,0) -> 348 | J45: =ROUND(J46*J$24,0) -> 665 | K45: =ROUND(K46*K$24,0) -> 665 | ... O45: =ROUND(O46*O$24,0) -> 478 | P45: =SUM(D45:O45) -> 5649
A46: 单耗 | B46: t/t | D46: 0.88 | E46: 0.893 | F46: 0.893 | G46: 0.89 | H46: 0.88 | I46: 0.88 | J46: 0.88 | K46: 0.88 | L46: 0.89 | M46: 0.89 | N46: 0.89 | O46: 0.88 | P46: =ROUND(IF(P$24=0,0,P45/P$24),3) -> 0.885 | Q46: =O46*0.6 -> 0.528 | R46: 0.54
A47: 天然气 | B47: M3 | D47: =ROUND(D48*D$24,0) -> 305 | E47: =ROUND(E48*E$24,0) -> 250 | F47: =ROUND(F48*F$24,0) -> 430 | G47: =ROUND(G48*G$24,0) -> 633 | H47: =ROUND(H48*H$24,0) -> 410 | I47: =ROUND(I48*I$24,0) -> 384 | J47: =ROUND(J48*J$24,0) -> 733 | K47: =ROUND(K48*K$24,0) -> 733 | ... O47: =ROUND(O48*O$24,0) -> 527 | P47: =SUM(D47:O47) -> 6269
A48: 单耗 | B48: M3/t | D48: 0.97 | E48: 1.03 | F48: 1.03 | G48: 1 | H48: 0.97 | I48: 0.97 | J48: 0.97 | K48: 0.97 | L48: 0.98 | M48: 0.98 | N48: 0.98 | O48: 0.97 | P48: =ROUND(IF(P$24=0,0,P47/P$24),3) -> 0.982 | Q48: =O48*0.6 -> 0.582 | R48: 1.068
A49: 七、污水排放计划
A50: 排水总量 | B50: m3 | D50: =ROUND(D24*2,0) -> 630 | E50: =ROUND(E24*2,0) -> 486 | F50: =ROUND(F24*2,0) -> 834 | G50: =ROUND(G24*2,0) -> 1266 | H50: =ROUND(H24*2,0) -> 846 | I50: =ROUND(I24*2,0) -> 792 | J50: =ROUND(J24*2,0) -> 1512 | K50: =ROUND(K24*2,0) -> 1512 | ... O50: =ROUND(O24*2,0) -> 1086 | P50: =SUM(D50:O50) -> 12768
A51: COD总量 | B51: t | D51: =D50*D52/1000000 -> 1.89 | E51: =E50*E52/1000000 -> 1.458 | F51: =F50*F52/1000000 -> 2.502 | G51: =G50*G52/1000000 -> 3.798 | H51: =H50*H52/1000000 -> 2.538 | I51: =I50*I52/1000000 -> 2.376 | J51: =J50*J52/1000000 -> 4.536 | K51: =K50*K52/1000000 -> 4.536 | ... P51: =P50*P52/1000000 -> 35.7504
A52: COD浓度 | B52: mg/l | D52: 3000 | E52: 3000 | F52: 3000 | G52: 3000 | H52: 3000 | I52: 3000 | J52: 3000 | K52: 3000 | L52: 3000 | M52: 3000 | N52: 3000 | O52: 3000 | P52: 2800
A53: SS总量 | B53: t | D53: =D50*D54/1000000 -> 0 | E53: =E50*E54/1000000 -> 0 | F53: =F50*F54/1000000 -> 0 | G53: =G50*G54/1000000 -> 0 | H53: =H50*H54/1000000 -> 0 | I53: =I50*I54/1000000 -> 0 | J53: =J50*J54/1000000 -> 0 | K53: =K50*K54/1000000 -> 0 | ... P53: =P50*P54/1000000 -> 0
A54: SS浓度 | B54: mg/l
A55: 八、包装形式
A56: 麦芽糖75% | D56: =D18 -> 450 | E56: =E18 -> 330 | F56: =F18 -> 450 | G56: =G18 -> 630 | H56: =H18 -> 630 | I56: =I18 -> 660 | J56: =J18 -> 1260 | K56: =K18 -> 1260 | ... O56: =O18 -> 830 | P56: =SUM(D56:O56) -> 9520
A57: 吨箱 | P57: =SUM(D57:O57) -> 0
A58: 槽车 | D58: =D56-D57 -> 450 | E58: =E56-E57 -> 330 | F58: =F56-F57 -> 450 | G58: =G56-G57 -> 630 | H58: =H56-H57 -> 630 | I58: =I56-I57 -> 660 | J58: =J56-J57 -> 1260 | K58: =K56-K57 -> 1260 | ... O58: =O56-O57 -> 830 | P58: =SUM(D58:O58) -> 9520
A59: 液袋 | D59: =D56-D57-D58 -> 0 | E59: =E56-E57-E58 -> 0 | F59: =F56-F57-F58 -> 0 | G59: =G56-G57-G58 -> 0 | H59: =H56-H57-H58 -> 0 | I59: =I56-I57-I58 -> 0 | J59: =J56-J57-J58 -> 0 | K59: =K56-K57-K58 -> 0 | ... O59: =O56-O57-O58 -> 0 | P59: =SUM(D59:O59) -> 0
A60: 主管副总： | H60: 部门经理： | N60: 编制：
A61: 注：表格中绿色部分为自动计算，原则上不允许修改，如需修改请及时与财务部预算处相关预算员沟通。
D65: =D6/24 -> 31 | E65: 28 | F65: =F6/24 -> 31 | G65: =G6/24 -> 30 | H65: =H6/24 -> 31 | I65: =I6/24 -> 30 | J65: =J6/24 -> 31 | K65: =K6/24 -> 31 | L65: =L6/24 -> 30 | M65: =M6/24 -> 31 | ... P65: =P6/24 -> 365

Sheet 麦芽糖
A1: 生产技术部麦芽糖年度生产计划(2025年)
P2: =能源消耗!Q2 -> 日 期：2024年9月10日
A3: 项 目 | B3: 单位 | C3: 指标 | D3: =果糖!D3 -> 2025年预算
D4: 1月 | E4: 2月 | F4: 3月 | G4: 4月 | H4: 5月 | I4: 6月 | J4: 7月 | K4: 8月 | L4: 9月 | M4: 10月 | N4: 11月 | O4: 12月 | P4: 合计
A5: 一、工时计划
A6: 日历时数 | B6: h | D6: 744 | E6: 672 | F6: 744 | G6: 720 | H6: 744 | I6: 720 | J6: 744 | K6: 744 | L6: 720 | M6: 744 | N6: 720 | O6: 744 | P6: =SUM(D6:O6) -> 8760
A7: 计划工时 | B7: h | D7: =D6-D9 -> 154 | E7: =E6-E9 -> 222 | F7: =F6-F9 -> 214 | G7: =G6-G9 -> 300 | H7: =H6-H9 -> 334 | I7: =I6-I9 -> 450 | J7: =J6-J9 -> 474 | K7: =K6-K9 -> 744 | ... O7: =O6-O9 -> 324 | P7: =SUM(D7:O7) -> 4120
A8: 计划工时 | B8: 天 | D8: =D7/24 -> 6.4166667 | E8: =E7/24 -> 9.25 | F8: =F7/24 -> 8.9166667 | G8: =G7/24 -> 12.5 | H8: =H7/24 -> 13.916667 | I8: =I7/24 -> 18.75 | J8: =J7/24 -> 19.75 | K8: =K7/24 -> 31 | ... P8: =P7/24 -> 171.66667
A9: 停车时数 | B9: h | D9: =SUM(D10:D12) -> 590 | E9: =SUM(E10:E12) -> 450 | F9: =SUM(F10:F12) -> 530 | G9: =SUM(G10:G12) -> 420 | H9: =SUM(H10:H12) -> 410 | I9: =SUM(I10:I12) -> 270 | J9: =SUM(J10:J12) -> 270 | K9: =SUM(K10:K12) -> 0 | ... O9: =SUM(O10:O12) -> 420 | P9: =SUM(D9:O9) -> 4640
A10: 计划停车 | B10: h | D10: 590 | E10: 450 | F10: 530 | G10: 420 | H10: 410 | I10: 270 | J10: 270 | L10: 210 | M10: 530 | N10: 540 | O10: 420 | P10: =SUM(D10:O10) -> 4640
A11: 非计划停车 | B11: h | P11: =SUM(D11:O11) -> 0
A12: 外部原因停车 | B12: h | P12: =SUM(D12:O12) -> 0
A13: 二、绝干收率 | D13: 1530 | E13: 486 | F13: 820 | G13: 1065 | H13: 1080 | I13: 1925 | J13: 2025 | K13: 2015 | L13: 1450 | M13: 720 | N13: 710 | O13: 1205
A14: 麦芽糖 | B14: % | D14: =IF(D33=0,0,1/D33) -> 1.0204082 | E14: =IF(E33=0,0,1/E33) -> 1.0204082 | F14: =IF(F33=0,0,1/F33) -> 1.0204082 | G14: =IF(G33=0,0,1/G33) -> 1.0204082 | H14: =IF(H33=0,0,1/H33) -> 1.0204082 | I14: =IF(I33=0,0,1/I33) -> 1.0204082 | J14: =IF(J33=0,0,1/J33) -> 1.0204082 | K14: =IF(K33=0,0,1/K33) -> 1.0204082 | ... P14: =IF(P33=0,0,1/P33) -> 1.0204082
A15: 三、生产负荷计划 | P15: =SUM(D15:O15) -> 0
A16: 麦芽糖装置 | B16: % | D16: =IF(D7=0,0,(D18)/D7/83*24) -> 0.84493819 | E16: =IF(E7=0,0,(E18)/E7/83*24) -> 0.88049495 | F16: =IF(F7=0,0,(F18)/F7/83*24) -> 0.87152348 | G16: =IF(G7=0,0,(G18)/G7/83*24) -> 0.93108434 | H16: =IF(H7=0,0,(H18)/H7/83*24) -> 0.86746988 | I16: =IF(I7=0,0,(I18)/I7/83*24) -> 0.93429719 | J16: =IF(J7=0,0,(J18)/J7/83*24) -> 0.92725332 | K16: =IF(K7=0,0,(K18)/K7/83*24) -> 0.81111543 | ... O16: =IF(O7=0,0,(O18)/O7/83*24) -> 0.87550201 | P16: =IF(P7=0,0,(P18)/P7/333*24) -> 0.21946996
A17: 四、产品产量
A18: 麦芽糖(75%) | B18: t | D18: 450 | E18: 676 | F18: 645 | G18: 966 | H18: 1002 | I18: 1454 | J18: 1520 | K18: 2087 | L18: 1541 | M18: 663 | N18: 561 | O18: 981 | P18: =SUM(D18:O18) -> 12546
A19: 雪花标准 | B19: t | P19: =SUM(D19:O19) -> 0
A20: 比重 | B20: % | P20: =IF(P18=0,0,P19/P18) -> 0
A21: 国标 | B21: t | E21: 769 | G21: 1316 | I21: 1843 | K21: 1970 | M21: 852 | O21: 785 | P21: =SUM(D21:O21) -> 7535
A22: 比重 | B22: % | P22: =IF(P18=0,0,P21/P18) -> 0.60058983
A23: 麦芽糖折绝干 | B23: t | D23: =(D18+D21)*0.75 -> 337.5 | E23: =(E18+E21)*0.75 -> 1083.75 | F23: =(F18+F21)*0.75 -> 483.75 | G23: =(G18+G21)*0.75 -> 1711.5 | H23: =(H18+H21)*0.75 -> 751.5 | I23: =(I18+I21)*0.75 -> 2472.75 | J23: =(J18+J21)*0.75 -> 1140 | K23: =(K18+K21)*0.75 -> 3042.75 | ... P23: =(P18+P21)*0.75 -> 15060.75
A24: 混配糖 | B24: t | D24: =D25 -> 1600 | E24: =E25 -> 700 | F24: =F25 -> 300 | G24: =G25 -> 300 | H24: =H25 -> 840 | I24: =I25 -> 420 | J24: =J25 -> 480 | K24: =K25 -> 1620 | ... O24: =O25 -> 1620 | P24: =SUM(D24:O24) -> 9440
A25: 混配糖 | B25: t | D25: 1600 | E25: 700 | F25: 300 | G25: 300 | H25: 840 | I25: 420 | J25: 480 | K25: 1620 | L25: 540 | M25: 420 | N25: 600 | O25: 1620 | P25: =SUM(D25:O25) -> 9440
A26: 比重 | B26: % | D26: =IF(D24=0,0,D25/D24) -> 1 | E26: =IF(E24=0,0,E25/E24) -> 1 | F26: =IF(F24=0,0,F25/F24) -> 1 | G26: =IF(G24=0,0,G25/G24) -> 1 | H26: =IF(H24=0,0,H25/H24) -> 1 | I26: =IF(I24=0,0,I25/I24) -> 1 | J26: =IF(J24=0,0,J25/J24) -> 1 | K26: =IF(K24=0,0,K25/K24) -> 1 | ... P26: =IF(P24=0,0,P25/P24) -> 1
A27: 国标 | B27: t | D27: =D24-D25 -> 0 | E27: =E24-E25 -> 0 | F27: =F24-F25 -> 0 | G27: =G24-G25 -> 0 | H27: =H24-H25 -> 0 | I27: =I24-I25 -> 0 | J27: =J24-J25 -> 0 | K27: =K24-K25 -> 0 | ... O27: =O24-O25 -> 0 | P27: =SUM(D27:O27) -> 0
A28: 比重 | B28: % | D28: =IF(D24=0,0,D27/D24) -> 0 | E28: =IF(E24=0,0,E27/E24) -> 0 | F28: =IF(F24=0,0,F27/F24) -> 0 | G28: =IF(G24=0,0,G27/G24) -> 0 | H28: =IF(H24=0,0,H27/H24) -> 0 | I28: =IF(I24=0,0,I27/I24) -> 0 | J28: =IF(J24=0,0,J27/J24) -> 0 | K28: =IF(K24=0,0,K27/K24) -> 0 | ... P28: =IF(P24=0,0,P27/P24) -> 0
A29: 麦芽糖折绝干 | B29: t | D29: =D25*0.64 -> 1024 | E29: =E25*0.64 -> 448 | F29: =F25*0.64 -> 192 | G29: =G25*0.64 -> 192 | H29: =H25*0.64 -> 537.6 | I29: =I25*0.64 -> 268.8 | J29: =J25*0.64 -> 307.2 | K29: =K25*0.64 -> 1036.8 | ... O29: =O25*0.64 -> 1036.8 | P29: =SUM(D29:O29) -> 6041.6 | Q29: =P24*0.89 -> 8401.6
A30: 绝干糖浆合计 | B30: t | D30: =D23+D29 -> 1361.5 | E30: =E23+E29 -> 1531.75 | F30: =F23+F29 -> 675.75 | G30: =G23+G29 -> 1903.5 | H30: =H23+H29 -> 1289.1 | I30: =I23+I29 -> 2741.55 | J30: =J23+J29 -> 1447.2 | K30: =K23+K29 -> 4079.55 | ... P30: =P23+P29 -> 21102.35
A31: 五、辅助材料消耗计划 | D31: =D32/0.87 -> 1533.3333 | E31: =E32/0.87 -> 1725.2874 | F31: =F32/0.87 -> 760.91954 | G31: =G32/0.87 -> 2143.6782 | H31: =H32/0.87 -> 1451.7241 | I31: =I32/0.87 -> 3088.5057 | J31: =J32/0.87 -> 1629.8851 | K31: =K32/0.87 -> 4595.4023 | ... P31: =P32/0.87 -> 23768.966 | Q31: 商品单耗
A32: 淀粉(绝干) | B32: t | D32: =ROUND(D33*D$30,0) -> 1334 | E32: =ROUND(E33*E$30,0) -> 1501 | F32: =ROUND(F33*F$30,0) -> 662 | G32: =ROUND(G33*G$30,0) -> 1865 | H32: =ROUND(H33*H$30,0) -> 1263 | I32: =ROUND(I33*I$30,0) -> 2687 | J32: =ROUND(J33*J$30,0) -> 1418 | K32: =ROUND(K33*K$30,0) -> 3998 | ... O32: =ROUND(O33*O$30,0) -> 2314 | P32: {=SUM(D32:O32)} -> 20679
A33: 单耗 | B33: t/t | D33: 0.98 | E33: 0.98 | F33: 0.98 | G33: 0.98 | H33: 0.98 | I33: 0.98 | J33: 0.98 | K33: 0.98 | L33: 0.98 | M33: 0.98 | N33: 0.98 | O33: 0.98 | P33: =ROUND(IF(P$30=0,0,P32/P$30),3) -> 0.98 | Q33: =O33*0.75/0.86 -> 0.85465116 | R33: 0.86337209
A34: 盐酸(折百) | B34: kg | D34: =ROUND(D35*D$30,2) -> 6671.35 | E34: =ROUND(E35*E$30,2) -> 7505.58 | F34: =ROUND(F35*F$30,2) -> 3311.18 | G34: =ROUND(G35*G$30,2) -> 9136.8 | H34: =ROUND(H35*H$30,2) -> 6058.77 | I34: =ROUND(I35*I$30,2) -> 12611.13 | J34: =ROUND(J35*J$30,2) -> 6657.12 | K34: =ROUND(K35*K$30,2) -> 18765.93 | ... O34: =ROUND(O35*O$30,2) -> 11570.37 | P34: =SUM(D34:O34) -> 100032.1
A35: 单耗 | B35: kg/t | D35: 4.9 | E35: 4.9 | F35: 4.9 | G35: 4.8 | H35: 4.7 | I35: 4.6 | J35: 4.6 | K35: 4.6 | L35: 4.7 | M35: 4.8 | N35: 4.9 | O35: 4.9 | P35: =ROUND(IF(P$30=0,0,P34/P$30),3) -> 4.74 | Q35: =O35*0.75 -> 3.675 | R35: 4.65
A36: 氢氧化钠(折百) | B36: kg | D36: =ROUND(D37*D$30,2) -> 6671.35 | E36: =ROUND(E37*E$30,2) -> 7505.58 | F36: =ROUND(F37*F$30,2) -> 3311.18 | G36: =ROUND(G37*G$30,2) -> 9327.15 | H36: =ROUND(H37*H$30,2) -> 6058.77 | I36: =ROUND(I37*I$30,2) -> 12611.13 | J36: =ROUND(J37*J$30,2) -> 6657.12 | K36: =ROUND(K37*K$30,2) -> 18765.93 | ... O36: =ROUND(O37*O$30,2) -> 11570.37 | P36: =SUM(D36:O36) -> 100222.45
A37: 单耗 | B37: kg/t | D37: 4.9 | E37: 4.9 | F37: 4.9 | G37: 4.9 | H37: 4.7 | I37: 4.6 | J37: 4.6 | K37: 4.6 | L37: 4.7 | M37: 4.8 | N37: 4.9 | O37: 4.9 | P37: =ROUND(IF(P$30=0,0,P36/P$30),3) -> 4.749 | Q37: =O37*0.75 -> 3.675 | R37: 4.725
A38: 硅藻土 | B38: kg | D38: =ROUND(D39*D$30,2) -> 980.28 | E38: =ROUND(E39*E$30,2) -> 1072.23 | F38: =ROUND(F39*F$30,2) -> 473.03 | G38: =ROUND(G39*G$30,2) -> 1313.42 | H38: =ROUND(H39*H$30,2) -> 889.48 | I38: =ROUND(I39*I$30,2) -> 1864.25 | J38: =ROUND(J39*J$30,2) -> 984.1 | K38: =ROUND(K39*K$30,2) -> 2774.09 | ... O38: =ROUND(O39*O$30,2) -> 1629.3 | P38: =SUM(D38:O38) -> 14547.97
A39: 单耗 | B39: kg/t | D39: 0.72 | E39: 0.7 | F39: 0.7 | G39: 0.69 | H39: 0.69 | I39: 0.68 | J39: 0.68 | K39: 0.68 | L39: 0.68 | M39: 0.7 | N39: 0.7 | O39: 0.69 | P39: =ROUND(IF(P$30=0,0,P38/P$30),3) -> 0.689 | Q39: =O39*0.75 -> 0.5175 | R39: 0.69
A40: 活性炭 | B40: kg | D40: =ROUND(D41*D$30,2) -> 296.81 | E40: =ROUND(E41*E$30,2) -> 333.92 | F40: =ROUND(F41*F$30,2) -> 147.31 | G40: =ROUND(G41*G$30,2) -> 414.96 | H40: =ROUND(H41*H$30,2) -> 281.02 | I40: =ROUND(I41*I$30,2) -> 597.66 | J40: =ROUND(J41*J$30,2) -> 315.49 | K40: =ROUND(K41*K$30,2) -> 889.34 | ... O40: =ROUND(O41*O$30,2) -> 514.76 | P40: =SUM(D40:O40) -> 4600.3
A41: 单耗 | B41: kg/t | D41: 0.218 | E41: 0.218 | F41: 0.218 | G41: 0.218 | H41: 0.218 | I41: 0.218 | J41: 0.218 | K41: 0.218 | L41: 0.218 | M41: 0.218 | N41: 0.218 | O41: 0.218 | P41: =ROUND(IF(P$30=0,0,P40/P$30),3) -> 0.218 | Q41: =O41*0.75 -> 0.1635 | R41: 0.105
A42: α耐高温淀粉酶 | B42: kg | D42: =ROUND(D43*D$30,2) -> 171.55 | E42: =ROUND(E43*E$30,2) -> 193 | F42: =ROUND(F43*F$30,2) -> 85.14 | G42: =ROUND(G43*G$30,2) -> 239.84 | H42: =ROUND(H43*H$30,2) -> 162.43 | I42: =ROUND(I43*I$30,2) -> 345.44 | J42: =ROUND(J43*J$30,2) -> 182.35 | K42: =ROUND(K43*K$30,2) -> 514.02 | ... O42: =ROUND(O43*O$30,2) -> 297.52 | P42: =SUM(D42:O42) -> 2658.9
A43: 单耗 | B43: kg/t | D43: 0.126 | E43: 0.126 | F43: 0.126 | G43: 0.126 | H43: 0.126 | I43: 0.126 | J43: 0.126 | K43: 0.126 | L43: 0.126 | M43: 0.126 | N43: 0.126 | O43: 0.126 | P43: =ROUND(IF(P$30=0,0,P42/P$30),3) -> 0.126 | Q43: =O43*0.75 -> 0.0945 | R43: 0.165
A44: β-淀粉酶 | B44: kg | D44: =ROUND(D45*D$30,2) -> 125.26 | E44: =ROUND(E45*E$30,2) -> 140.92 | F44: =ROUND(F45*F$30,2) -> 62.17 | G44: =ROUND(G45*G$30,2) -> 175.12 | H44: =ROUND(H45*H$30,2) -> 118.6 | I44: =ROUND(I45*I$30,2) -> 252.22 | J44: =ROUND(J45*J$30,2) -> 133.14 | K44: =ROUND(K45*K$30,2) -> 375.32 | ... O44: =ROUND(O45*O$30,2) -> 217.24 | P44: =SUM(D44:O44) -> 1941.41
A45: 单耗 | B45: kg/t | D45: 0.092 | E45: 0.092 | F45: 0.092 | G45: 0.092 | H45: 0.092 | I45: 0.092 | J45: 0.092 | K45: 0.092 | L45: 0.092 | M45: 0.092 | N45: 0.092 | O45: 0.092 | P45: =ROUND(IF(P$30=0,0,P44/P$30),3) -> 0.092 | Q45: =O45*0.75 -> 0.069 | R45: 0.0675
A46: 六、能源动力消耗计划
A47: 水 | B47: t | D47: =ROUND(D48*D$30,0) -> 4765 | E47: =ROUND(E48*E$30,0) -> 5361 | F47: =ROUND(F48*F$30,0) -> 2433 | G47: =ROUND(G48*G$30,0) -> 6853 | H47: =ROUND(H48*H$30,0) -> 4770 | I47: =ROUND(I48*I$30,0) -> 10144 | J47: =ROUND(J48*J$30,0) -> 5355 | K47: =ROUND(K48*K$30,0) -> 15094 | ... O47: =ROUND(O48*O$30,0) -> 8265 | P47: =SUM(D47:O47) -> 76330
A48: 单耗 | B48: t/t | D48: 3.5 | E48: 3.5 | F48: 3.6 | G48: 3.6 | H48: 3.7 | I48: 3.7 | J48: 3.7 | K48: 3.7 | L48: 3.7 | M48: 3.5 | N48: 3.5 | O48: 3.5 | P48: =ROUND(IF(P$30=0,0,P47/P$30),3) -> 3.617 | Q48: =O48*0.75 -> 2.625 | R48: 3
A49: 电 | B49: 万Kw.h | D49: =ROUND(D50*D$30,0)/10000 -> 9.2582 | E49: =ROUND(E50*E$30,0)/10000 -> 10.4159 | F49: =ROUND(F50*F$30,0)/10000 -> 4.5951 | G49: =ROUND(G50*G$30,0)/10000 -> 12.9438 | H49: =ROUND(H50*H$30,0)/10000 -> 8.7659 | I49: =ROUND(I50*I$30,0)/10000 -> 19.1909 | J49: =ROUND(J50*J$30,0)/10000 -> 10.1304 | K49: =ROUND(K50*K$30,0)/10000 -> 28.5569 | ... O49: =ROUND(O50*O$30,0)/10000 -> 16.0568 | P49: =SUM(D49:O49) -> 145.45
A50: 单耗 | B50: Kw.h/t | D50: 68 | E50: 68 | F50: 68 | G50: 68 | H50: 68 | I50: 70 | J50: 70 | K50: 70 | L50: 70 | M50: 68 | N50: 68 | O50: 68 | P50: =ROUND(IF(P$30=0,0,P49/P$30*10000),3) -> 68.926 | Q50: =O50*0.75 -> 51 | R50: 56.25
A51: 蒸汽 | B51: t | D51: =ROUND(D52*D$30,0) -> 953 | E51: =ROUND(E52*E$30,0) -> 1072 | F51: =ROUND(F52*F$30,0) -> 473 | G51: =ROUND(G52*G$30,0) -> 1313 | H51: =ROUND(H52*H$30,0) -> 877 | I51: =ROUND(I52*I$30,0) -> 1864 | J51: =ROUND(J52*J$30,0) -> 984 | K51: =ROUND(K52*K$30,0) -> 2774 | ... O51: =ROUND(O52*O$30,0) -> 1653 | P51: =SUM(D51:O51) -> 14502
A52: 单耗 | B52: t/t | D52: 0.7 | E52: 0.7 | F52: 0.7 | G52: 0.69 | H52: 0.68 | I52: 0.68 | J52: 0.68 | K52: 0.68 | L52: 0.68 | M52: 0.68 | N52: 0.7 | O52: 0.7 | P52: =ROUND(IF(P$30=0,0,P51/P$30),3) -> 0.687 | Q52: =O52*0.75 -> 0.525 | R52: 0.675
A53: 天然气 | B53: M3 | D53: =ROUND(D54*D$30,0) -> 1920 | E53: =ROUND(E54*E$30,0) -> 2160 | F53: =ROUND(F54*F$30,0) -> 953 | G53: =ROUND(G54*G$30,0) -> 2684 | H53: =ROUND(H54*H$30,0) -> 1818 | I53: =ROUND(I54*I$30,0) -> 3866 | J53: =ROUND(J54*J$30,0) -> 2041 | K53: =ROUND(K54*K$30,0) -> 5752 | ... O53: =ROUND(O54*O$30,0) -> 3329 | P53: =SUM(D53:O53) -> 29756
A54: 单耗 | B54: M3/t | D54: 1.41 | E54: 1.41 | F54: 1.41 | G54: 1.41 | H54: 1.41 | I54: 1.41 | J54: 1.41 | K54: 1.41 | L54: 1.41 | M54: 1.41 | N54: 1.41 | O54: 1.41 | P54: =ROUND(IF(P$30=0,0,P53/P$30),3) -> 1.41 | Q54: =O54*0.77 -> 1.0857 | R54: 1.001
A55: 七、污水排放计划
A56: 排水总量 | B56: m3 | D56: =ROUND(D30*3.2,0) -> 4357 | E56: =ROUND(E30*3.2,0) -> 4902 | F56: =ROUND(F30*3.2,0) -> 2162 | G56: =ROUND(G30*3.2,0) -> 6091 | H56: =ROUND(H30*3.2,0) -> 4125 | I56: =ROUND(I30*3.2,0) -> 8773 | J56: =ROUND(J30*3.2,0) -> 4631 | K56: =ROUND(K30*3.2,0) -> 13055 | ... O56: =ROUND(O30*3.2,0) -> 7556 | P56: =SUM(D56:O56) -> 67527
A57: COD总量 | B57: t | D57: =D56*D58/1000000 -> 15.2495 | E57: =E56*E58/1000000 -> 17.157 | F57: =F56*F58/1000000 -> 7.567 | G57: =G56*G58/1000000 -> 21.3185 | H57: =H56*H58/1000000 -> 14.4375 | I57: =I56*I58/1000000 -> 30.7055 | J57: =J56*J58/1000000 -> 16.2085 | K57: =K56*K58/1000000 -> 45.6925 | ... P57: =P56*P58/1000000 -> 189.0756
A58: COD浓度 | B58: mg/l | D58: 3500 | E58: 3500 | F58: 3500 | G58: 3500 | H58: 3500 | I58: 3500 | J58: 3500 | K58: 3500 | L58: 3500 | M58: 3500 | N58: 3500 | O58: 3500 | P58: =[3]麦芽糖!P50 -> 2800
A59: SS总量 | B59: t | D59: =D56*D60/1000000 -> 0 | E59: =E56*E60/1000000 -> 0 | F59: =F56*F60/1000000 -> 0 | G59: =G56*G60/1000000 -> 0 | H59: =H56*H60/1000000 -> 0 | I59: =I56*I60/1000000 -> 0 | J59: =J56*J60/1000000 -> 0 | K59: =K56*K60/1000000 -> 0 | ... P59: =P56*P60/1000000 -> 0
A60: SS浓度 | B60: mg/l
A61: 八、包装形式
A62: 麦芽糖75% | D62: =D18 -> 450 | E62: =E18 -> 676 | F62: =F18 -> 645 | G62: =G18 -> 966 | H62: =H18 -> 1002 | I62: =I18 -> 1454 | J62: =J18 -> 1520 | K62: =K18 -> 2087 | ... O62: =O18 -> 981 | P62: =SUM(D62:O62) -> 12546
A63: 吨箱 | P63: =SUM(D63:O63) -> 0
A64: 槽车 | D64: =D62-D63 -> 450 | E64: =E62-E63 -> 676 | F64: =F62-F63 -> 645 | G64: =G62-G63 -> 966 | H64: =H62-H63 -> 1002 | I64: =I62-I63 -> 1454 | J64: =J62-J63 -> 1520 | K64: =K62-K63 -> 2087 | ... O64: =O62-O63 -> 981 | P64: =SUM(D64:O64) -> 12546
A65: 液袋 | D65: =D62-D63-D64 -> 0 | E65: =E62-E63-E64 -> 0 | F65: =F62-F63-F64 -> 0 | G65: =G62-G63-G64 -> 0 | H65: =H62-H63-H64 -> 0 | I65: =I62-I63-I64 -> 0 | J65: =J62-J63-J64 -> 0 | K65: =K62-K63-K64 -> 0 | ... O65: =O62-O63-O64 -> 0 | P65: =SUM(D65:O65) -> 0
A66: 主管副总： | H66: 部门经理： | N66: 编制：
A67: 注：表格中绿色部分为自动计算，原则上不允许修改，如需修改请及时与财务部预算处相关预算员沟通。
D71: =D6/24 -> 31 | E71: 28 | F71: =F6/24 -> 31 | G71: =G6/24 -> 30 | H71: =H6/24 -> 31 | I71: =I6/24 -> 30 | J71: =J6/24 -> 31 | K71: =K6/24 -> 31 | L71: =L6/24 -> 30 | M71: =M6/24 -> 31 | ... P71: =P6/24 -> 365

Sheet 锅炉工段
A1: 生产技术部锅炉工段生产计划(2025年)
P2: =果糖!P2 -> 日 期：2024年9月10日
A3: 项 目 | B3: 单位 | C3: 指标 | D3: =果糖!D3 -> 2025年预算
D4: 1月 | E4: 2月 | F4: 3月 | G4: 4月 | H4: 5月 | I4: 6月 | J4: 7月 | K4: 8月 | L4: 9月 | M4: 10月 | N4: 11月 | O4: 12月 | P4: 合计
A5: 一、工时计划 | Q5: 停车
A6: 1、6吨锅炉
A7: 日历时数 | B7: h | D7: =果糖!D6 -> 744 | E7: =果糖!E6 -> 672 | F7: =果糖!F6 -> 744 | G7: =果糖!G6 -> 720 | H7: =果糖!H6 -> 744 | I7: =果糖!I6 -> 720 | J7: =果糖!J6 -> 744 | K7: =果糖!K6 -> 744 | ... O7: =果糖!O6 -> 744 | P7: =SUM(D7:O7) -> 8760
A8: 计划工时 | B8: h | D8: =D7-D10 -> 744 | E8: =E7-E10 -> 672 | F8: =F7-F10 -> 744 | G8: =G7-G10 -> 720 | H8: =H7-H10 -> 744 | I8: =I7-I10 -> 720 | J8: =J7-J10 -> 744 | K8: =K7-K10 -> 744 | ... O8: =O7-O10 -> 744 | P8: =SUM(D8:O8) -> 8760
A9: 计划工时 | B9: 天 | D9: =D8/24 -> 31 | E9: =E8/24 -> 28 | F9: =F8/24 -> 31 | G9: =G8/24 -> 30 | H9: =H8/24 -> 31 | I9: =I8/24 -> 30 | J9: =J8/24 -> 31 | K9: =K8/24 -> 31 | ... P9: =P8/24 -> 365
A10: 停车时数 | B10: h | D10: =SUM(D11:D13) -> 0 | E10: =SUM(E11:E13) -> 0 | F10: =SUM(F11:F13) -> 0 | G10: =SUM(G11:G13) -> 0 | H10: =SUM(H11:H13) -> 0 | I10: =SUM(I11:I13) -> 0 | J10: =SUM(J11:J13) -> 0 | K10: =SUM(K11:K13) -> 0 | ... O10: =SUM(O11:O13) -> 0 | P10: =SUM(D10:O10) -> 0
A11: 计划停车 | B11: h
A12: 非计划停车 | B12: h | P12: =SUM(D12:O12) -> 0
A13: 外部原因停车 | B13: h | P13: =SUM(D13:O13) -> 0
A14: 2、15吨锅炉
A15: 日历时数 | B15: h | D15: =D7 -> 744 | E15: =E7 -> 672 | F15: =F7 -> 744 | G15: =G7 -> 720 | H15: =H7 -> 744 | I15: =I7 -> 720 | J15: =J7 -> 744 | K15: =K7 -> 744 | ... O15: =O7 -> 744 | P15: =SUM(D15:O15) -> 8760
A16: 计划工时 | B16: h | D16: =D15-D18 -> 744 | E16: =E15-E18 -> 672 | F16: =F15-F18 -> 744 | G16: =G15-G18 -> 720 | H16: =H15-H18 -> 744 | I16: =I15-I18 -> 720 | J16: =J15-J18 -> 744 | K16: =K15-K18 -> 744 | ... O16: =O15-O18 -> 744 | P16: =SUM(D16:O16) -> 8760
A17: 计划工时 | B17: 天 | D17: =D16/24 -> 31 | E17: =E16/24 -> 28 | F17: =F16/24 -> 31 | G17: =G16/24 -> 30 | H17: =H16/24 -> 31 | I17: =I16/24 -> 30 | J17: =J16/24 -> 31 | K17: =K16/24 -> 31 | ... P17: =P16/24 -> 365
A18: 停车时数 | B18: h | D18: =SUM(D19:D21) -> 0 | E18: =SUM(E19:E21) -> 0 | F18: =SUM(F19:F21) -> 0 | G18: =SUM(G19:G21) -> 0 | H18: =SUM(H19:H21) -> 0 | I18: =SUM(I19:I21) -> 0 | J18: =SUM(J19:J21) -> 0 | K18: =SUM(K19:K21) -> 0 | ... O18: =SUM(O19:O21) -> 0 | P18: =SUM(D18:O18) -> 0
A19: 计划停车 | B19: h | P19: =SUM(D19:O19) -> 0
A20: 非计划停车 | B20: h | P20: =SUM(D20:O20) -> 0
A21: 外部原因停车 | B21: h | P21: =SUM(D21:O21) -> 0
A22: 二、蒸汽产量
A23: 自产比例 | B23: % | D23: 0 | E23: 0 | F23: 0 | G23: 0 | H23: 0 | I23: 0 | J23: 0 | K23: 0 | L23: 0 | M23: 0 | N23: 0 | O23: 0 | P23: 0
A24: 蒸汽产量 | B24: t | D24: =ROUND((果糖!D59+麦芽糖!D51+污水!D36)*D23,0) -> 0 | E24: =ROUND((果糖!E59+麦芽糖!E51+污水!E36)*E23,0) -> 0 | F24: =ROUND((果糖!F59+麦芽糖!F51+污水!F36)*F23,0) -> 0 | G24: =ROUND((果糖!G59+麦芽糖!G51+污水!G36)*G23,0) -> 0 | H24: =ROUND((果糖!H59+麦芽糖!H51+污水!H36)*H23,0) -> 0 | I24: =ROUND((果糖!I59+麦芽糖!I51+污水!I36)*I23,0) -> 0 | J24: =ROUND((果糖!J59+麦芽糖!J51+污水!J36)*J23,0) -> 0 | K24: =ROUND((果糖!K59+麦芽糖!K51+污水!K36)*K23,0) -> 0 | ... O24: =ROUND((果糖!O59+麦芽糖!O51+污水!O36)*O23,0) -> 0 | P24: =SUM(D24:O24) -> 0
A25: 三、消耗指标
A26: 脱盐水 | B26: t | D26: =ROUND(D27*D24,0) -> 0 | E26: =ROUND(E27*E24,0) -> 0 | F26: =ROUND(F27*F24,0) -> 0 | G26: =ROUND(G27*G24,0) -> 0 | H26: =ROUND(H27*H24,0) -> 0 | I26: =ROUND(I27*I24,0) -> 0 | J26: =ROUND(J27*J24,0) -> 0 | K26: =ROUND(K27*K24,0) -> 0 | ... O26: =ROUND(O27*O24,0) -> 0 | P26: =SUM(D26:O26) -> 0
A27: 单耗 | B27: t/t | P27: =IF(P24=0,0,ROUND(P26/P24,2)) -> 0
A28: 电 | B28: 万kw.h | D28: =ROUND(D29*D26,0)/10000 -> 0 | E28: =ROUND(E29*E26,0)/10000 -> 0 | F28: =ROUND(F29*F26,0)/10000 -> 0 | G28: =ROUND(G29*G26,0)/10000 -> 0 | H28: =ROUND(H29*H26,0)/10000 -> 0 | I28: =ROUND(I29*I26,0)/10000 -> 0 | J28: =ROUND(J29*J26,0)/10000 -> 0 | K28: =ROUND(K29*K26,0)/10000 -> 0 | ... O28: =ROUND(O29*O26,0)/10000 -> 0 | P28: =SUM(D28:O28) -> 0
A29: 单耗 | B29: kw.h/t | P29: =IF(P24=0,0,ROUND(P28/P24*10000,2)) -> 0
A30: 天然气 | B30: m3 | D30: =ROUND(D31*D24,0) -> 0 | E30: =ROUND(E31*E24,0) -> 0 | F30: =ROUND(F31*F24,0) -> 0 | G30: =ROUND(G31*G24,0) -> 0 | H30: =ROUND(H31*H24,0) -> 0 | I30: =ROUND(I31*I24,0) -> 0 | J30: =ROUND(J31*J24,0) -> 0 | K30: =ROUND(K31*K24,0) -> 0 | ... O30: =ROUND(O31*O24,0) -> 0 | P30: =SUM(D30:O30) -> 0
A31: 单耗 | B31: m3/t | P31: =IF(P24=0,0,ROUND(P30/P24,2)) -> 0
A32: 主管副总： | H32: 部门经理： | N32: 编制：
A33: 注：表格中绿色部分为自动计算，原则上不允许修改，如需修改请及时与财务部预算处相关预算员沟通。

Sheet 污水
A1: 生产技术部污水处理工段生产计划(2025年) | AG1: 锅炉工段生产计划 | AW1: 锅炉工段生产计划 | BM1: 锅炉工段生产计划 | CC1: 锅炉工段生产计划 | CS1: 锅炉工段生产计划 | DI1: 锅炉工段生产计划 | DY1: 锅炉工段生产计划 | EO1: 锅炉工段生产计划 | FE1: 锅炉工段生产计划 | FU1: 锅炉工段生产计划 | GK1: 锅炉工段生产计划 | HA1: 锅炉工段生产计划 | HQ1: 锅炉工段生产计划 | IG1: 锅炉工段生产计划 | IW1: 锅炉工段生产计划 | JM1: 锅炉工段生产计划 | KC1: 锅炉工段生产计划 | KS1: 锅炉工段生产计划 | LI1: 锅炉工段生产计划 | LY1: 锅炉工段生产计划 | MO1: 锅炉工段生产计划 | NE1: 锅炉工段生产计划 | NU1: 锅炉工段生产计划 | OK1: 锅炉工段生产计划 | PA1: 锅炉工段生产计划 | PQ1: 锅炉工段生产计划 | QG1: 锅炉工段生产计划 | QW1: 锅炉工段生产计划 | RM1: 锅炉工段生产计划 | SC1: 锅炉工段生产计划 | SS1: 锅炉工段生产计划 | TI1: 锅炉工段生产计划 | TY1: 锅炉工段生产计划 | UO1: 锅炉工段生产计划 | VE1: 锅炉工段生产计划 | VU1: 锅炉工段生产计划 | WK1: 锅炉工段生产计划 | XA1: 锅炉工段生产计划 | XQ1: 锅炉工段生产计划 | YG1: 锅炉工段生产计划 | YW1: 锅炉工段生产计划 | ZM1: 锅炉工段生产计划 | AAC1: 锅炉工段生产计划 | AAS1: 锅炉工段生产计划 | ABI1: 锅炉工段生产计划 | ABY1: 锅炉工段生产计划 | ACO1: 锅炉工段生产计划 | ADE1: 锅炉工段生产计划 | ADU1: 锅炉工段生产计划 | AEK1: 锅炉工段生产计划 | AFA1: 锅炉工段生产计划 | AFQ1: 锅炉工段生产计划 | AGG1: 锅炉工段生产计划 | AGW1: 锅炉工段生产计划 | AHM1: 锅炉工段生产计划 | AIC1: 锅炉工段生产计划 | AIS1: 锅炉工段生产计划 | AJI1: 锅炉工段生产计划 | AJY1: 锅炉工段生产计划 | AKO1: 锅炉工段生产计划 | ALE1: 锅炉工段生产计划 | ALU1: 锅炉工段生产计划 | AMK1: 锅炉工段生产计划 | ANA1: 锅炉工段生产计划 | ANQ1: 锅炉工段生产计划 | AOG1: 锅炉工段生产计划 | AOW1: 锅炉工段生产计划 | APM1: 锅炉工段生产计划 | AQC1: 锅炉工段生产计划 | AQS1: 锅炉工段生产计划 | ARI1: 锅炉工段生产计划 | ARY1: 锅炉工段生产计划 | ASO1: 锅炉工段生产计划 | ATE1: 锅炉工段生产计划 | ATU1: 锅炉工段生产计划 | AUK1: 锅炉工段生产计划 | AVA1: 锅炉工段生产计划 | AVQ1: 锅炉工段生产计划 | AWG1: 锅炉工段生产计划 | AWW1: 锅炉工段生产计划 | AXM1: 锅炉工段生产计划 | AYC1: 锅炉工段生产计划 | AYS1: 锅炉工段生产计划 | AZI1: 锅炉工段生产计划 | AZY1: 锅炉工段生产计划 | BAO1: 锅炉工段生产计划 | BBE1: 锅炉工段生产计划 | BBU1: 锅炉工段生产计划 | BCK1: 锅炉工段生产计划 | BDA1: 锅炉工段生产计划 | BDQ1: 锅炉工段生产计划 | BEG1: 锅炉工段生产计划 | BEW1: 锅炉工段生产计划 | BFM1: 锅炉工段生产计划 | BGC1: 锅炉工段生产计划 | BGS1: 锅炉工段生产计划 | BHI1: 锅炉工段生产计划 | BHY1: 锅炉工段生产计划 | BIO1: 锅炉工段生产计划 | BJE1: 锅炉工段生产计划 | BJU1: 锅炉工段生产计划 | BKK1: 锅炉工段生产计划 | BLA1: 锅炉工段生产计划 | BLQ1: 锅炉工段生产计划 | BMG1: 锅炉工段生产计划 | BMW1: 锅炉工段生产计划 | BNM1: 锅炉工段生产计划 | BOC1: 锅炉工段生产计划 | BOS1: 锅炉工段生产计划 | BPI1: 锅炉工段生产计划 | BPY1: 锅炉工段生产计划 | BQO1: 锅炉工段生产计划 | BRE1: 锅炉工段生产计划 | BRU1: 锅炉工段生产计划 | BSK1: 锅炉工段生产计划 | BTA1: 锅炉工段生产计划 | BTQ1: 锅炉工段生产计划 | BUG1: 锅炉工段生产计划 | BUW1: 锅炉工段生产计划 | BVM1: 锅炉工段生产计划 | BWC1: 锅炉工段生产计划 | BWS1: 锅炉工段生产计划 | BXI1: 锅炉工段生产计划 | BXY1: 锅炉工段生产计划 | BYO1: 锅炉工段生产计划 | BZE1: 锅炉工段生产计划 | BZU1: 锅炉工段生产计划 | CAK1: 锅炉工段生产计划 | CBA1: 锅炉工段生产计划 | CBQ1: 锅炉工段生产计划 | CCG1: 锅炉工段生产计划 | CCW1: 锅炉工段生产计划 | CDM1: 锅炉工段生产计划 | CEC1: 锅炉工段生产计划 | CES1: 锅炉工段生产计划 | CFI1: 锅炉工段生产计划 | CFY1: 锅炉工段生产计划 | CGO1: 锅炉工段生产计划 | CHE1: 锅炉工段生产计划 | CHU1: 锅炉工段生产计划 | CIK1: 锅炉工段生产计划 | CJA1: 锅炉工段生产计划 | CJQ1: 锅炉工段生产计划 | CKG1: 锅炉工段生产计划 | CKW1: 锅炉工段生产计划 | CLM1: 锅炉工段生产计划 | CMC1: 锅炉工段生产计划 | CMS1: 锅炉工段生产计划 | CNI1: 锅炉工段生产计划 | CNY1: 锅炉工段生产计划 | COO1: 锅炉工段生产计划 | CPE1: 锅炉工段生产计划 | CPU1: 锅炉工段生产计划 | CQK1: 锅炉工段生产计划 | CRA1: 锅炉工段生产计划 | CRQ1: 锅炉工段生产计划 | CSG1: 锅炉工段生产计划 | CSW1: 锅炉工段生产计划 | CTM1: 锅炉工段生产计划 | CUC1: 锅炉工段生产计划 | CUS1: 锅炉工段生产计划 | CVI1: 锅炉工段生产计划 | CVY1: 锅炉工段生产计划 | CWO1: 锅炉工段生产计划 | CXE1: 锅炉工段生产计划 | CXU1: 锅炉工段生产计划 | CYK1: 锅炉工段生产计划 | CZA1: 锅炉工段生产计划 | CZQ1: 锅炉工段生产计划 | DAG1: 锅炉工段生产计划 | DAW1: 锅炉工段生产计划 | DBM1: 锅炉工段生产计划 | DCC1: 锅炉工段生产计划 | DCS1: 锅炉工段生产计划 | DDI1: 锅炉工段生产计划 | DDY1: 锅炉工段生产计划 | DEO1: 锅炉工段生产计划 | DFE1: 锅炉工段生产计划 | DFU1: 锅炉工段生产计划 | DGK1: 锅炉工段生产计划 | DHA1: 锅炉工段生产计划 | DHQ1: 锅炉工段生产计划 | DIG1: 锅炉工段生产计划 | DIW1: 锅炉工段生产计划 | DJM1: 锅炉工段生产计划 | DKC1: 锅炉工段生产计划 | DKS1: 锅炉工段生产计划 | DLI1: 锅炉工段生产计划 | DLY1: 锅炉工段生产计划 | DMO1: 锅炉工段生产计划 | DNE1: 锅炉工段生产计划 | DNU1: 锅炉工段生产计划 | DOK1: 锅炉工段生产计划 | DPA1: 锅炉工段生产计划 | DPQ1: 锅炉工段生产计划 | DQG1: 锅炉工段生产计划 | DQW1: 锅炉工段生产计划 | DRM1: 锅炉工段生产计划 | DSC1: 锅炉工段生产计划 | DSS1: 锅炉工段生产计划 | DTI1: 锅炉工段生产计划 | DTY1: 锅炉工段生产计划 | DUO1: 锅炉工段生产计划 | DVE1: 锅炉工段生产计划 | DVU1: 锅炉工段生产计划 | DWK1: 锅炉工段生产计划 | DXA1: 锅炉工段生产计划 | DXQ1: 锅炉工段生产计划 | DYG1: 锅炉工段生产计划 | DYW1: 锅炉工段生产计划 | DZM1: 锅炉工段生产计划 | EAC1: 锅炉工段生产计划 | EAS1: 锅炉工段生产计划 | EBI1: 锅炉工段生产计划 | EBY1: 锅炉工段生产计划 | ECO1: 锅炉工段生产计划 | EDE1: 锅炉工段生产计划 | EDU1: 锅炉工段生产计划 | EEK1: 锅炉工段生产计划 | EFA1: 锅炉工段生产计划 | EFQ1: 锅炉工段生产计划 | EGG1: 锅炉工段生产计划 | EGW1: 锅炉工段生产计划 | EHM1: 锅炉工段生产计划 | EIC1: 锅炉工段生产计划 | EIS1: 锅炉工段生产计划 | EJI1: 锅炉工段生产计划 | EJY1: 锅炉工段生产计划 | EKO1: 锅炉工段生产计划 | ELE1: 锅炉工段生产计划 | ELU1: 锅炉工段生产计划 | EMK1: 锅炉工段生产计划 | ENA1: 锅炉工段生产计划 | ENQ1: 锅炉工段生产计划 | EOG1: 锅炉工段生产计划 | EOW1: 锅炉工段生产计划 | EPM1: 锅炉工段生产计划 | EQC1: 锅炉工段生产计划 | EQS1: 锅炉工段生产计划 | ERI1: 锅炉工段生产计划 | ERY1: 锅炉工段生产计划 | ESO1: 锅炉工段生产计划 | ETE1: 锅炉工段生产计划 | ETU1: 锅炉工段生产计划 | EUK1: 锅炉工段生产计划 | EVA1: 锅炉工段生产计划 | EVQ1: 锅炉工段生产计划 | EWG1: 锅炉工段生产计划 | EWW1: 锅炉工段生产计划 | EXM1: 锅炉工段生产计划 | EYC1: 锅炉工段生产计划 | EYS1: 锅炉工段生产计划 | EZI1: 锅炉工段生产计划 | EZY1: 锅炉工段生产计划 | FAO1: 锅炉工段生产计划 | FBE1: 锅炉工段生产计划 | FBU1: 锅炉工段生产计划 | FCK1: 锅炉工段生产计划 | FDA1: 锅炉工段生产计划 | FDQ1: 锅炉工段生产计划 | FEG1: 锅炉工段生产计划 | FEW1: 锅炉工段生产计划 | FFM1: 锅炉工段生产计划 | FGC1: 锅炉工段生产计划 | FGS1: 锅炉工段生产计划 | FHI1: 锅炉工段生产计划 | FHY1: 锅炉工段生产计划 | FIO1: 锅炉工段生产计划 | FJE1: 锅炉工段生产计划 | FJU1: 锅炉工段生产计划 | FKK1: 锅炉工段生产计划 | FLA1: 锅炉工段生产计划 | FLQ1: 锅炉工段生产计划 | FMG1: 锅炉工段生产计划 | FMW1: 锅炉工段生产计划 | FNM1: 锅炉工段生产计划 | FOC1: 锅炉工段生产计划 | FOS1: 锅炉工段生产计划 | FPI1: 锅炉工段生产计划 | FPY1: 锅炉工段生产计划 | FQO1: 锅炉工段生产计划 | FRE1: 锅炉工段生产计划 | FRU1: 锅炉工段生产计划 | FSK1: 锅炉工段生产计划 | FTA1: 锅炉工段生产计划 | FTQ1: 锅炉工段生产计划 | FUG1: 锅炉工段生产计划 | FUW1: 锅炉工段生产计划 | FVM1: 锅炉工段生产计划 | FWC1: 锅炉工段生产计划 | FWS1: 锅炉工段生产计划 | FXI1: 锅炉工段生产计划 | FXY1: 锅炉工段生产计划 | FYO1: 锅炉工段生产计划 | FZE1: 锅炉工段生产计划 | FZU1: 锅炉工段生产计划 | GAK1: 锅炉工段生产计划 | GBA1: 锅炉工段生产计划 | GBQ1: 锅炉工段生产计划 | GCG1: 锅炉工段生产计划 | GCW1: 锅炉工段生产计划 | GDM1: 锅炉工段生产计划 | GEC1: 锅炉工段生产计划 | GES1: 锅炉工段生产计划 | GFI1: 锅炉工段生产计划 | GFY1: 锅炉工段生产计划 | GGO1: 锅炉工段生产计划 | GHE1: 锅炉工段生产计划 | GHU1: 锅炉工段生产计划 | GIK1: 锅炉工段生产计划 | GJA1: 锅炉工段生产计划 | GJQ1: 锅炉工段生产计划 | GKG1: 锅炉工段生产计划 | GKW1: 锅炉工段生产计划 | GLM1: 锅炉工段生产计划 | GMC1: 锅炉工段生产计划 | GMS1: 锅炉工段生产计划 | GNI1: 锅炉工段生产计划 | GNY1: 锅炉工段生产计划 | GOO1: 锅炉工段生产计划 | GPE1: 锅炉工段生产计划 | GPU1: 锅炉工段生产计划 | GQK1: 锅炉工段生产计划 | GRA1: 锅炉工段生产计划 | GRQ1: 锅炉工段生产计划 | GSG1: 锅炉工段生产计划 | GSW1: 锅炉工段生产计划 | GTM1: 锅炉工段生产计划 | GUC1: 锅炉工段生产计划 | GUS1: 锅炉工段生产计划 | GVI1: 锅炉工段生产计划 | GVY1: 锅炉工段生产计划 | GWO1: 锅炉工段生产计划 | GXE1: 锅炉工段生产计划 | GXU1: 锅炉工段生产计划 | GYK1: 锅炉工段生产计划 | GZA1: 锅炉工段生产计划 | GZQ1: 锅炉工段生产计划 | HAG1: 锅炉工段生产计划 | HAW1: 锅炉工段生产计划 | HBM1: 锅炉工段生产计划 | HCC1: 锅炉工段生产计划 | HCS1: 锅炉工段生产计划 | HDI1: 锅炉工段生产计划 | HDY1: 锅炉工段生产计划 | HEO1: 锅炉工段生产计划 | HFE1: 锅炉工段生产计划 | HFU1: 锅炉工段生产计划 | HGK1: 锅炉工段生产计划 | HHA1: 锅炉工段生产计划 | HHQ1: 锅炉工段生产计划 | HIG1: 锅炉工段生产计划 | HIW1: 锅炉工段生产计划 | HJM1: 锅炉工段生产计划 | HKC1: 锅炉工段生产计划 | HKS1: 锅炉工段生产计划 | HLI1: 锅炉工段生产计划 | HLY1: 锅炉工段生产计划 | HMO1: 锅炉工段生产计划 | HNE1: 锅炉工段生产计划 | HNU1: 锅炉工段生产计划 | HOK1: 锅炉工段生产计划 | HPA1: 锅炉工段生产计划 | HPQ1: 锅炉工段生产计划 | HQG1: 锅炉工段生产计划 | HQW1: 锅炉工段生产计划 | HRM1: 锅炉工段生产计划 | HSC1: 锅炉工段生产计划 | HSS1: 锅炉工段生产计划 | HTI1: 锅炉工段生产计划 | HTY1: 锅炉工段生产计划 | HUO1: 锅炉工段生产计划 | HVE1: 锅炉工段生产计划 | HVU1: 锅炉工段生产计划 | HWK1: 锅炉工段生产计划 | HXA1: 锅炉工段生产计划 | HXQ1: 锅炉工段生产计划 | HYG1: 锅炉工段生产计划 | HYW1: 锅炉工段生产计划 | HZM1: 锅炉工段生产计划 | IAC1: 锅炉工段生产计划 | IAS1: 锅炉工段生产计划 | IBI1: 锅炉工段生产计划 | IBY1: 锅炉工段生产计划 | ICO1: 锅炉工段生产计划 | IDE1: 锅炉工段生产计划 | IDU1: 锅炉工段生产计划 | IEK1: 锅炉工段生产计划 | IFA1: 锅炉工段生产计划 | IFQ1: 锅炉工段生产计划 | IGG1: 锅炉工段生产计划 | IGW1: 锅炉工段生产计划 | IHM1: 锅炉工段生产计划 | IIC1: 锅炉工段生产计划 | IIS1: 锅炉工段生产计划 | IJI1: 锅炉工段生产计划 | IJY1: 锅炉工段生产计划 | IKO1: 锅炉工段生产计划 | ILE1: 锅炉工段生产计划 | ILU1: 锅炉工段生产计划 | IMK1: 锅炉工段生产计划 | INA1: 锅炉工段生产计划 | INQ1: 锅炉工段生产计划 | IOG1: 锅炉工段生产计划 | IOW1: 锅炉工段生产计划 | IPM1: 锅炉工段生产计划 | IQC1: 锅炉工段生产计划 | IQS1: 锅炉工段生产计划 | IRI1: 锅炉工段生产计划 | IRY1: 锅炉工段生产计划 | ISO1: 锅炉工段生产计划 | ITE1: 锅炉工段生产计划 | ITU1: 锅炉工段生产计划 | IUK1: 锅炉工段生产计划 | IVA1: 锅炉工段生产计划 | IVQ1: 锅炉工段生产计划 | IWG1: 锅炉工段生产计划 | IWW1: 锅炉工段生产计划 | IXM1: 锅炉工段生产计划 | IYC1: 锅炉工段生产计划 | IYS1: 锅炉工段生产计划 | IZI1: 锅炉工段生产计划 | IZY1: 锅炉工段生产计划 | JAO1: 锅炉工段生产计划 | JBE1: 锅炉工段生产计划 | JBU1: 锅炉工段生产计划 | JCK1: 锅炉工段生产计划 | JDA1: 锅炉工段生产计划 | JDQ1: 锅炉工段生产计划 | JEG1: 锅炉工段生产计划 | JEW1: 锅炉工段生产计划 | JFM1: 锅炉工段生产计划 | JGC1: 锅炉工段生产计划 | JGS1: 锅炉工段生产计划 | JHI1: 锅炉工段生产计划 | JHY1: 锅炉工段生产计划 | JIO1: 锅炉工段生产计划 | JJE1: 锅炉工段生产计划 | JJU1: 锅炉工段生产计划 | JKK1: 锅炉工段生产计划 | JLA1: 锅炉工段生产计划 | JLQ1: 锅炉工段生产计划 | JMG1: 锅炉工段生产计划 | JMW1: 锅炉工段生产计划 | JNM1: 锅炉工段生产计划 | JOC1: 锅炉工段生产计划 | JOS1: 锅炉工段生产计划 | JPI1: 锅炉工段生产计划 | JPY1: 锅炉工段生产计划 | JQO1: 锅炉工段生产计划 | JRE1: 锅炉工段生产计划 | JRU1: 锅炉工段生产计划 | JSK1: 锅炉工段生产计划 | JTA1: 锅炉工段生产计划 | JTQ1: 锅炉工段生产计划 | JUG1: 锅炉工段生产计划 | JUW1: 锅炉工段生产计划 | JVM1: 锅炉工段生产计划 | JWC1: 锅炉工段生产计划 | JWS1: 锅炉工段生产计划 | JXI1: 锅炉工段生产计划 | JXY1: 锅炉工段生产计划 | JYO1: 锅炉工段生产计划 | JZE1: 锅炉工段生产计划 | JZU1: 锅炉工段生产计划 | KAK1: 锅炉工段生产计划 | KBA1: 锅炉工段生产计划 | KBQ1: 锅炉工段生产计划 | KCG1: 锅炉工段生产计划 | KCW1: 锅炉工段生产计划 | KDM1: 锅炉工段生产计划 | KEC1: 锅炉工段生产计划 | KES1: 锅炉工段生产计划 | KFI1: 锅炉工段生产计划 | KFY1: 锅炉工段生产计划 | KGO1: 锅炉工段生产计划 | KHE1: 锅炉工段生产计划 | KHU1: 锅炉工段生产计划 | KIK1: 锅炉工段生产计划 | KJA1: 锅炉工段生产计划 | KJQ1: 锅炉工段生产计划 | KKG1: 锅炉工段生产计划 | KKW1: 锅炉工段生产计划 | KLM1: 锅炉工段生产计划 | KMC1: 锅炉工段生产计划 | KMS1: 锅炉工段生产计划 | KNI1: 锅炉工段生产计划 | KNY1: 锅炉工段生产计划 | KOO1: 锅炉工段生产计划 | KPE1: 锅炉工段生产计划 | KPU1: 锅炉工段生产计划 | KQK1: 锅炉工段生产计划 | KRA1: 锅炉工段生产计划 | KRQ1: 锅炉工段生产计划 | KSG1: 锅炉工段生产计划 | KSW1: 锅炉工段生产计划 | KTM1: 锅炉工段生产计划 | KUC1: 锅炉工段生产计划 | KUS1: 锅炉工段生产计划 | KVI1: 锅炉工段生产计划 | KVY1: 锅炉工段生产计划 | KWO1: 锅炉工段生产计划 | KXE1: 锅炉工段生产计划 | KXU1: 锅炉工段生产计划 | KYK1: 锅炉工段生产计划 | KZA1: 锅炉工段生产计划 | KZQ1: 锅炉工段生产计划 | LAG1: 锅炉工段生产计划 | LAW1: 锅炉工段生产计划 | LBM1: 锅炉工段生产计划 | LCC1: 锅炉工段生产计划 | LCS1: 锅炉工段生产计划 | LDI1: 锅炉工段生产计划 | LDY1: 锅炉工段生产计划 | LEO1: 锅炉工段生产计划 | LFE1: 锅炉工段生产计划 | LFU1: 锅炉工段生产计划 | LGK1: 锅炉工段生产计划 | LHA1: 锅炉工段生产计划 | LHQ1: 锅炉工段生产计划 | LIG1: 锅炉工段生产计划 | LIW1: 锅炉工段生产计划 | LJM1: 锅炉工段生产计划 | LKC1: 锅炉工段生产计划 | LKS1: 锅炉工段生产计划 | LLI1: 锅炉工段生产计划 | LLY1: 锅炉工段生产计划 | LMO1: 锅炉工段生产计划 | LNE1: 锅炉工段生产计划 | LNU1: 锅炉工段生产计划 | LOK1: 锅炉工段生产计划 | LPA1: 锅炉工段生产计划 | LPQ1: 锅炉工段生产计划 | LQG1: 锅炉工段生产计划 | LQW1: 锅炉工段生产计划 | LRM1: 锅炉工段生产计划 | LSC1: 锅炉工段生产计划 | LSS1: 锅炉工段生产计划 | LTI1: 锅炉工段生产计划 | LTY1: 锅炉工段生产计划 | LUO1: 锅炉工段生产计划 | LVE1: 锅炉工段生产计划 | LVU1: 锅炉工段生产计划 | LWK1: 锅炉工段生产计划 | LXA1: 锅炉工段生产计划 | LXQ1: 锅炉工段生产计划 | LYG1: 锅炉工段生产计划 | LYW1: 锅炉工段生产计划 | LZM1: 锅炉工段生产计划 | MAC1: 锅炉工段生产计划 | MAS1: 锅炉工段生产计划 | MBI1: 锅炉工段生产计划 | MBY1: 锅炉工段生产计划 | MCO1: 锅炉工段生产计划 | MDE1: 锅炉工段生产计划 | MDU1: 锅炉工段生产计划 | MEK1: 锅炉工段生产计划 | MFA1: 锅炉工段生产计划 | MFQ1: 锅炉工段生产计划 | MGG1: 锅炉工段生产计划 | MGW1: 锅炉工段生产计划 | MHM1: 锅炉工段生产计划 | MIC1: 锅炉工段生产计划 | MIS1: 锅炉工段生产计划 | MJI1: 锅炉工段生产计划 | MJY1: 锅炉工段生产计划 | MKO1: 锅炉工段生产计划 | MLE1: 锅炉工段生产计划 | MLU1: 锅炉工段生产计划 | MMK1: 锅炉工段生产计划 | MNA1: 锅炉工段生产计划 | MNQ1: 锅炉工段生产计划 | MOG1: 锅炉工段生产计划 | MOW1: 锅炉工段生产计划 | MPM1: 锅炉工段生产计划 | MQC1: 锅炉工段生产计划 | MQS1: 锅炉工段生产计划 | MRI1: 锅炉工段生产计划 | MRY1: 锅炉工段生产计划 | MSO1: 锅炉工段生产计划 | MTE1: 锅炉工段生产计划 | MTU1: 锅炉工段生产计划 | MUK1: 锅炉工段生产计划 | MVA1: 锅炉工段生产计划 | MVQ1: 锅炉工段生产计划 | MWG1: 锅炉工段生产计划 | MWW1: 锅炉工段生产计划 | MXM1: 锅炉工段生产计划 | MYC1: 锅炉工段生产计划 | MYS1: 锅炉工段生产计划 | MZI1: 锅炉工段生产计划 | MZY1: 锅炉工段生产计划 | NAO1: 锅炉工段生产计划 | NBE1: 锅炉工段生产计划 | NBU1: 锅炉工段生产计划 | NCK1: 锅炉工段生产计划 | NDA1: 锅炉工段生产计划 | NDQ1: 锅炉工段生产计划 | NEG1: 锅炉工段生产计划 | NEW1: 锅炉工段生产计划 | NFM1: 锅炉工段生产计划 | NGC1: 锅炉工段生产计划 | NGS1: 锅炉工段生产计划 | NHI1: 锅炉工段生产计划 | NHY1: 锅炉工段生产计划 | NIO1: 锅炉工段生产计划 | NJE1: 锅炉工段生产计划 | NJU1: 锅炉工段生产计划 | NKK1: 锅炉工段生产计划 | NLA1: 锅炉工段生产计划 | NLQ1: 锅炉工段生产计划 | NMG1: 锅炉工段生产计划 | NMW1: 锅炉工段生产计划 | NNM1: 锅炉工段生产计划 | NOC1: 锅炉工段生产计划 | NOS1: 锅炉工段生产计划 | NPI1: 锅炉工段生产计划 | NPY1: 锅炉工段生产计划 | NQO1: 锅炉工段生产计划 | NRE1: 锅炉工段生产计划 | NRU1: 锅炉工段生产计划 | NSK1: 锅炉工段生产计划 | NTA1: 锅炉工段生产计划 | NTQ1: 锅炉工段生产计划 | NUG1: 锅炉工段生产计划 | NUW1: 锅炉工段生产计划 | NVM1: 锅炉工段生产计划 | NWC1: 锅炉工段生产计划 | NWS1: 锅炉工段生产计划 | NXI1: 锅炉工段生产计划 | NXY1: 锅炉工段生产计划 | NYO1: 锅炉工段生产计划 | NZE1: 锅炉工段生产计划 | NZU1: 锅炉工段生产计划 | OAK1: 锅炉工段生产计划 | OBA1: 锅炉工段生产计划 | OBQ1: 锅炉工段生产计划 | OCG1: 锅炉工段生产计划 | OCW1: 锅炉工段生产计划 | ODM1: 锅炉工段生产计划 | OEC1: 锅炉工段生产计划 | OES1: 锅炉工段生产计划 | OFI1: 锅炉工段生产计划 | OFY1: 锅炉工段生产计划 | OGO1: 锅炉工段生产计划 | OHE1: 锅炉工段生产计划 | OHU1: 锅炉工段生产计划 | OIK1: 锅炉工段生产计划 | OJA1: 锅炉工段生产计划 | OJQ1: 锅炉工段生产计划 | OKG1: 锅炉工段生产计划 | OKW1: 锅炉工段生产计划 | OLM1: 锅炉工段生产计划 | OMC1: 锅炉工段生产计划 | OMS1: 锅炉工段生产计划 | ONI1: 锅炉工段生产计划 | ONY1: 锅炉工段生产计划 | OOO1: 锅炉工段生产计划 | OPE1: 锅炉工段生产计划 | OPU1: 锅炉工段生产计划 | OQK1: 锅炉工段生产计划 | ORA1: 锅炉工段生产计划 | ORQ1: 锅炉工段生产计划 | OSG1: 锅炉工段生产计划 | OSW1: 锅炉工段生产计划 | OTM1: 锅炉工段生产计划 | OUC1: 锅炉工段生产计划 | OUS1: 锅炉工段生产计划 | OVI1: 锅炉工段生产计划 | OVY1: 锅炉工段生产计划 | OWO1: 锅炉工段生产计划 | OXE1: 锅炉工段生产计划 | OXU1: 锅炉工段生产计划 | OYK1: 锅炉工段生产计划 | OZA1: 锅炉工段生产计划 | OZQ1: 锅炉工段生产计划 | PAG1: 锅炉工段生产计划 | PAW1: 锅炉工段生产计划 | PBM1: 锅炉工段生产计划 | PCC1: 锅炉工段生产计划 | PCS1: 锅炉工段生产计划 | PDI1: 锅炉工段生产计划 | PDY1: 锅炉工段生产计划 | PEO1: 锅炉工段生产计划 | PFE1: 锅炉工段生产计划 | PFU1: 锅炉工段生产计划 | PGK1: 锅炉工段生产计划 | PHA1: 锅炉工段生产计划 | PHQ1: 锅炉工段生产计划 | PIG1: 锅炉工段生产计划 | PIW1: 锅炉工段生产计划 | PJM1: 锅炉工段生产计划 | PKC1: 锅炉工段生产计划 | PKS1: 锅炉工段生产计划 | PLI1: 锅炉工段生产计划 | PLY1: 锅炉工段生产计划 | PMO1: 锅炉工段生产计划 | PNE1: 锅炉工段生产计划 | PNU1: 锅炉工段生产计划 | POK1: 锅炉工段生产计划 | PPA1: 锅炉工段生产计划 | PPQ1: 锅炉工段生产计划 | PQG1: 锅炉工段生产计划 | PQW1: 锅炉工段生产计划 | PRM1: 锅炉工段生产计划 | PSC1: 锅炉工段生产计划 | PSS1: 锅炉工段生产计划 | PTI1: 锅炉工段生产计划 | PTY1: 锅炉工段生产计划 | PUO1: 锅炉工段生产计划 | PVE1: 锅炉工段生产计划 | PVU1: 锅炉工段生产计划 | PWK1: 锅炉工段生产计划 | PXA1: 锅炉工段生产计划 | PXQ1: 锅炉工段生产计划 | PYG1: 锅炉工段生产计划 | PYW1: 锅炉工段生产计划 | PZM1: 锅炉工段生产计划 | QAC1: 锅炉工段生产计划 | QAS1: 锅炉工段生产计划 | QBI1: 锅炉工段生产计划 | QBY1: 锅炉工段生产计划 | QCO1: 锅炉工段生产计划 | QDE1: 锅炉工段生产计划 | QDU1: 锅炉工段生产计划 | QEK1: 锅炉工段生产计划 | QFA1: 锅炉工段生产计划 | QFQ1: 锅炉工段生产计划 | QGG1: 锅炉工段生产计划 | QGW1: 锅炉工段生产计划 | QHM1: 锅炉工段生产计划 | QIC1: 锅炉工段生产计划 | QIS1: 锅炉工段生产计划 | QJI1: 锅炉工段生产计划 | QJY1: 锅炉工段生产计划 | QKO1: 锅炉工段生产计划 | QLE1: 锅炉工段生产计划 | QLU1: 锅炉工段生产计划 | QMK1: 锅炉工段生产计划 | QNA1: 锅炉工段生产计划 | QNQ1: 锅炉工段生产计划 | QOG1: 锅炉工段生产计划 | QOW1: 锅炉工段生产计划 | QPM1: 锅炉工段生产计划 | QQC1: 锅炉工段生产计划 | QQS1: 锅炉工段生产计划 | QRI1: 锅炉工段生产计划 | QRY1: 锅炉工段生产计划 | QSO1: 锅炉工段生产计划 | QTE1: 锅炉工段生产计划 | QTU1: 锅炉工段生产计划 | QUK1: 锅炉工段生产计划 | QVA1: 锅炉工段生产计划 | QVQ1: 锅炉工段生产计划 | QWG1: 锅炉工段生产计划 | QWW1: 锅炉工段生产计划 | QXM1: 锅炉工段生产计划 | QYC1: 锅炉工段生产计划 | QYS1: 锅炉工段生产计划 | QZI1: 锅炉工段生产计划 | QZY1: 锅炉工段生产计划 | RAO1: 锅炉工段生产计划 | RBE1: 锅炉工段生产计划 | RBU1: 锅炉工段生产计划 | RCK1: 锅炉工段生产计划 | RDA1: 锅炉工段生产计划 | RDQ1: 锅炉工段生产计划 | REG1: 锅炉工段生产计划 | REW1: 锅炉工段生产计划 | RFM1: 锅炉工段生产计划 | RGC1: 锅炉工段生产计划 | RGS1: 锅炉工段生产计划 | RHI1: 锅炉工段生产计划 | RHY1: 锅炉工段生产计划 | RIO1: 锅炉工段生产计划 | RJE1: 锅炉工段生产计划 | RJU1: 锅炉工段生产计划 | RKK1: 锅炉工段生产计划 | RLA1: 锅炉工段生产计划 | RLQ1: 锅炉工段生产计划 | RMG1: 锅炉工段生产计划 | RMW1: 锅炉工段生产计划 | RNM1: 锅炉工段生产计划 | ROC1: 锅炉工段生产计划 | ROS1: 锅炉工段生产计划 | RPI1: 锅炉工段生产计划 | RPY1: 锅炉工段生产计划 | RQO1: 锅炉工段生产计划 | RRE1: 锅炉工段生产计划 | RRU1: 锅炉工段生产计划 | RSK1: 锅炉工段生产计划 | RTA1: 锅炉工段生产计划 | RTQ1: 锅炉工段生产计划 | RUG1: 锅炉工段生产计划 | RUW1: 锅炉工段生产计划 | RVM1: 锅炉工段生产计划 | RWC1: 锅炉工段生产计划 | RWS1: 锅炉工段生产计划 | RXI1: 锅炉工段生产计划 | RXY1: 锅炉工段生产计划 | RYO1: 锅炉工段生产计划 | RZE1: 锅炉工段生产计划 | RZU1: 锅炉工段生产计划 | SAK1: 锅炉工段生产计划 | SBA1: 锅炉工段生产计划 | SBQ1: 锅炉工段生产计划 | SCG1: 锅炉工段生产计划 | SCW1: 锅炉工段生产计划 | SDM1: 锅炉工段生产计划 | SEC1: 锅炉工段生产计划 | SES1: 锅炉工段生产计划 | SFI1: 锅炉工段生产计划 | SFY1: 锅炉工段生产计划 | SGO1: 锅炉工段生产计划 | SHE1: 锅炉工段生产计划 | SHU1: 锅炉工段生产计划 | SIK1: 锅炉工段生产计划 | SJA1: 锅炉工段生产计划 | SJQ1: 锅炉工段生产计划 | SKG1: 锅炉工段生产计划 | SKW1: 锅炉工段生产计划 | SLM1: 锅炉工段生产计划 | SMC1: 锅炉工段生产计划 | SMS1: 锅炉工段生产计划 | SNI1: 锅炉工段生产计划 | SNY1: 锅炉工段生产计划 | SOO1: 锅炉工段生产计划 | SPE1: 锅炉工段生产计划 | SPU1: 锅炉工段生产计划 | SQK1: 锅炉工段生产计划 | SRA1: 锅炉工段生产计划 | SRQ1: 锅炉工段生产计划 | SSG1: 锅炉工段生产计划 | SSW1: 锅炉工段生产计划 | STM1: 锅炉工段生产计划 | SUC1: 锅炉工段生产计划 | SUS1: 锅炉工段生产计划 | SVI1: 锅炉工段生产计划 | SVY1: 锅炉工段生产计划 | SWO1: 锅炉工段生产计划 | SXE1: 锅炉工段生产计划 | SXU1: 锅炉工段生产计划 | SYK1: 锅炉工段生产计划 | SZA1: 锅炉工段生产计划 | SZQ1: 锅炉工段生产计划 | TAG1: 锅炉工段生产计划 | TAW1: 锅炉工段生产计划 | TBM1: 锅炉工段生产计划 | TCC1: 锅炉工段生产计划 | TCS1: 锅炉工段生产计划 | TDI1: 锅炉工段生产计划 | TDY1: 锅炉工段生产计划 | TEO1: 锅炉工段生产计划 | TFE1: 锅炉工段生产计划 | TFU1: 锅炉工段生产计划 | TGK1: 锅炉工段生产计划 | THA1: 锅炉工段生产计划 | THQ1: 锅炉工段生产计划 | TIG1: 锅炉工段生产计划 | TIW1: 锅炉工段生产计划 | TJM1: 锅炉工段生产计划 | TKC1: 锅炉工段生产计划 | TKS1: 锅炉工段生产计划 | TLI1: 锅炉工段生产计划 | TLY1: 锅炉工段生产计划 | TMO1: 锅炉工段生产计划 | TNE1: 锅炉工段生产计划 | TNU1: 锅炉工段生产计划 | TOK1: 锅炉工段生产计划 | TPA1: 锅炉工段生产计划 | TPQ1: 锅炉工段生产计划 | TQG1: 锅炉工段生产计划 | TQW1: 锅炉工段生产计划 | TRM1: 锅炉工段生产计划 | TSC1: 锅炉工段生产计划 | TSS1: 锅炉工段生产计划 | TTI1: 锅炉工段生产计划 | TTY1: 锅炉工段生产计划 | TUO1: 锅炉工段生产计划 | TVE1: 锅炉工段生产计划 | TVU1: 锅炉工段生产计划 | TWK1: 锅炉工段生产计划 | TXA1: 锅炉工段生产计划 | TXQ1: 锅炉工段生产计划 | TYG1: 锅炉工段生产计划 | TYW1: 锅炉工段生产计划 | TZM1: 锅炉工段生产计划 | UAC1: 锅炉工段生产计划 | UAS1: 锅炉工段生产计划 | UBI1: 锅炉工段生产计划 | UBY1: 锅炉工段生产计划 | UCO1: 锅炉工段生产计划 | UDE1: 锅炉工段生产计划 | UDU1: 锅炉工段生产计划 | UEK1: 锅炉工段生产计划 | UFA1: 锅炉工段生产计划 | UFQ1: 锅炉工段生产计划 | UGG1: 锅炉工段生产计划 | UGW1: 锅炉工段生产计划 | UHM1: 锅炉工段生产计划 | UIC1: 锅炉工段生产计划 | UIS1: 锅炉工段生产计划 | UJI1: 锅炉工段生产计划 | UJY1: 锅炉工段生产计划 | UKO1: 锅炉工段生产计划 | ULE1: 锅炉工段生产计划 | ULU1: 锅炉工段生产计划 | UMK1: 锅炉工段生产计划 | UNA1: 锅炉工段生产计划 | UNQ1: 锅炉工段生产计划 | UOG1: 锅炉工段生产计划 | UOW1: 锅炉工段生产计划 | UPM1: 锅炉工段生产计划 | UQC1: 锅炉工段生产计划 | UQS1: 锅炉工段生产计划 | URI1: 锅炉工段生产计划 | URY1: 锅炉工段生产计划 | USO1: 锅炉工段生产计划 | UTE1: 锅炉工段生产计划 | UTU1: 锅炉工段生产计划 | UUK1: 锅炉工段生产计划 | UVA1: 锅炉工段生产计划 | UVQ1: 锅炉工段生产计划 | UWG1: 锅炉工段生产计划 | UWW1: 锅炉工段生产计划 | UXM1: 锅炉工段生产计划 | UYC1: 锅炉工段生产计划 | UYS1: 锅炉工段生产计划 | UZI1: 锅炉工段生产计划 | UZY1: 锅炉工段生产计划 | VAO1: 锅炉工段生产计划 | VBE1: 锅炉工段生产计划 | VBU1: 锅炉工段生产计划 | VCK1: 锅炉工段生产计划 | VDA1: 锅炉工段生产计划 | VDQ1: 锅炉工段生产计划 | VEG1: 锅炉工段生产计划 | VEW1: 锅炉工段生产计划 | VFM1: 锅炉工段生产计划 | VGC1: 锅炉工段生产计划 | VGS1: 锅炉工段生产计划 | VHI1: 锅炉工段生产计划 | VHY1: 锅炉工段生产计划 | VIO1: 锅炉工段生产计划 | VJE1: 锅炉工段生产计划 | VJU1: 锅炉工段生产计划 | VKK1: 锅炉工段生产计划 | VLA1: 锅炉工段生产计划 | VLQ1: 锅炉工段生产计划 | VMG1: 锅炉工段生产计划 | VMW1: 锅炉工段生产计划 | VNM1: 锅炉工段生产计划 | VOC1: 锅炉工段生产计划 | VOS1: 锅炉工段生产计划 | VPI1: 锅炉工段生产计划 | VPY1: 锅炉工段生产计划 | VQO1: 锅炉工段生产计划 | VRE1: 锅炉工段生产计划 | VRU1: 锅炉工段生产计划 | VSK1: 锅炉工段生产计划 | VTA1: 锅炉工段生产计划 | VTQ1: 锅炉工段生产计划 | VUG1: 锅炉工段生产计划 | VUW1: 锅炉工段生产计划 | VVM1: 锅炉工段生产计划 | VWC1: 锅炉工段生产计划 | VWS1: 锅炉工段生产计划 | VXI1: 锅炉工段生产计划 | VXY1: 锅炉工段生产计划 | VYO1: 锅炉工段生产计划 | VZE1: 锅炉工段生产计划 | VZU1: 锅炉工段生产计划 | WAK1: 锅炉工段生产计划 | WBA1: 锅炉工段生产计划 | WBQ1: 锅炉工段生产计划 | WCG1: 锅炉工段生产计划 | WCW1: 锅炉工段生产计划 | WDM1: 锅炉工段生产计划 | WEC1: 锅炉工段生产计划 | WES1: 锅炉工段生产计划 | WFI1: 锅炉工段生产计划 | WFY1: 锅炉工段生产计划 | WGO1: 锅炉工段生产计划 | WHE1: 锅炉工段生产计划 | WHU1: 锅炉工段生产计划 | WIK1: 锅炉工段生产计划 | WJA1: 锅炉工段生产计划 | WJQ1: 锅炉工段生产计划 | WKG1: 锅炉工段生产计划 | WKW1: 锅炉工段生产计划 | WLM1: 锅炉工段生产计划 | WMC1: 锅炉工段生产计划 | WMS1: 锅炉工段生产计划 | WNI1: 锅炉工段生产计划 | WNY1: 锅炉工段生产计划 | WOO1: 锅炉工段生产计划 | WPE1: 锅炉工段生产计划 | WPU1: 锅炉工段生产计划 | WQK1: 锅炉工段生产计划 | WRA1: 锅炉工段生产计划 | WRQ1: 锅炉工段生产计划 | WSG1: 锅炉工段生产计划 | WSW1: 锅炉工段生产计划 | WTM1: 锅炉工段生产计划 | WUC1: 锅炉工段生产计划 | WUS1: 锅炉工段生产计划 | WVI1: 锅炉工段生产计划 | WVY1: 锅炉工段生产计划 | WWO1: 锅炉工段生产计划 | WXE1: 锅炉工段生产计划 | WXU1: 锅炉工段生产计划 | WYK1: 锅炉工段生产计划 | WZA1: 锅炉工段生产计划 | WZQ1: 锅炉工段生产计划 | XAG1: 锅炉工段生产计划 | XAW1: 锅炉工段生产计划 | XBM1: 锅炉工段生产计划 | XCC1: 锅炉工段生产计划 | XCS1: 锅炉工段生产计划 | XDI1: 锅炉工段生产计划 | XDY1: 锅炉工段生产计划 | XEO1: 锅炉工段生产计划
P2: =锅炉工段!P2 -> 日 期：2024年9月10日 | AF2: =[4]利润表!$P$2 -> 日 期：2012年9月15日 | AV2: =[4]利润表!$P$2 -> 日 期：2012年9月15日 | BL2: =[4]利润表!$P$2 -> 日 期：2012年9月15日 | CB2: =[4]利润表!$P$2 -> 日 期：2012年9月15日 | CR2: =[4]利润表!$P$2 -> 日 期：2012年9月15日 | DH2: =[4]利润表!$P$2 -> 日 期：2012年9月15日 | DX2: =[4]利润表!$P$2 -> 日 期：2012年9月15日 | EN2: =[4]利润表!$P$2 -> 日 期：2012年9月15日 | FD2: =[4]利润表!$P$2 -> 日 期：2012年9月15日 | FT2: =[4]利润表!$P$2 -> 日 期：2012年9月15日 | GJ2: =[4]利润表!$P$2 -> 日 期：2012年9月15日 | GZ2: =[4]利润表!$P$2 -> 日 期：2012年9月15日 | HP2: =[4]利润表!$P$2 -> 日 期：2012年9月15日 | IF2: =[4]利润表!$P$2 -> 日 期：2012年9月15日 | IV2: =[4]利润表!$P$2 -> 日 期：2012年9月15日 | JL2: =[4]利润表!$P$2 -> 日 期：2012年9月15日 | KB2: =[4]利润表!$P$2 -> 日 期：2012年9月15日 | KR2: =[4]利润表!$P$2 -> 日 期：2012年9月15日 | LH2: =[4]利润表!$P$2 -> 日 期：2012年9月15日 | LX2: =[4]利润表!$P$2 -> 日 期：2012年9月15日 | MN2: =[4]利润表!$P$2 -> 日 期：2012年9月15日 | ND2: =[4]利润表!$P$2 -> 日 期：2012年9月15日 | NT2: =[4]利润表!$P$2 -> 日 期：2012年9月15日 | OJ2: =[4]利润表!$P$2 -> 日 期：2012年9月15日 | OZ2: =[4]利润表!$P$2 -> 日 期：2012年9月15日 | PP2: =[4]利润表!$P$2 -> 日 期：2012年9月15日 | QF2: =[4]利润表!$P$2 -> 日 期：2012年9月15日 | QV2: =[4]利润表!$P$2 -> 日 期：2012年9月15日 | RL2: =[4]利润表!$P$2 -> 日 期：2012年9月15日 | SB2: =[4]利润表!$P$2 -> 日 期：2012年9月15日 | SR2: =[4]利润表!$P$2 -> 日 期：2012年9月15日 | TH2: =[4]利润表!$P$2 -> 日 期：2012年9月15日 | TX2: =[4]利润表!$P$2 -> 日 期：2012年9月15日 | UN2: =[4]利润表!$P$2 -> 日 期：2012年9月15日 | VD2: =[4]利润表!$P$2 -> 日 期：2012年9月15日 | VT2: =[4]利润表!$P$2 -> 日 期：2012年9月15日 | WJ2: =[4]利润表!$P$2 -> 日 期：2012年9月15日 | WZ2: =[4]利润表!$P$2 -> 日 期：2012年9月15日 | XP2: =[4]利润表!$P$2 -> 日 期：2012年9月15日 | YF2: =[4]利润表!$P$2 -> 日 期：2012年9月15日 | YV2: =[4]利润表!$P$2 -> 日 期：2012年9月15日 | ZL2: =[4]利润表!$P$2 -> 日 期：2012年9月15日 | AAB2: =[4]利润表!$P$2 -> 日 期：2012年9月15日 | AAR2: =[4]利润表!$P$2 -> 日 期：2012年9月15日 | ABH2: =[4]利润表!$P$2 -> 日 期：2012年9月15日 | ABX2: =[4]利润表!$P$2 -> 日 期：2012年9月15日 | ACN2: =[4]利润表!$P$2 -> 日 期：2012年9月15日 | ADD2: =[4]利润表!$P$2 -> 日 期：2012年9月15日 | ADT2: =[4]利润表!$P$2 -> 日 期：2012年9月15日 | AEJ2: =[4]利润表!$P$2 -> 日 期：2012年9月15日 | AEZ2: =[4]利润表!$P$2 -> 日 期：2012年9月15日 | AFP2: =[4]利润表!$P$2 -> 日 期：2012年9月15日 | AGF2: =[4]利润表!$P$2 -> 日 期：2012年9月15日 | AGV2: =[4]利润表!$P$2 -> 日 期：2012年9月15日 | AHL2: =[4]利润表!$P$2 -> 日 期：2012年9月15日 | AIB2: =[4]利润表!$P$2 -> 日 期：2012年9月15日 | AIR2: =[4]利润表!$P$2 -> 日 期：2012年9月15日 | AJH2: =[4]利润表!$P$2 -> 日 期：2012年9月15日 | AJX2: =[4]利润表!$P$2 -> 日 期：2012年9月15日 | AKN2: =[4]利润表!$P$2 -> 日 期：2012年9月15日 | ALD2: =[4]利润表!$P$2 -> 日 期：2012年9月15日 | ALT2: =[4]利润表!$P$2 -> 日 期：2012年9月15日 | AMJ2: =[4]利润表!$P$2 -> 日 期：2012年9月15日 | AMZ2: =[4]利润表!$P$2 -> 日 期：2012年9月15日 | ANP2: =[4]利润表!$P$2 -> 日 期：2012年9月15日 | AOF2: =[4]利润表!$P$2 -> 日 期：2012年9月15日 | AOV2: =[4]利润表!$P$2 -> 日 期：2012年9月15日 | APL2: =[4]利润表!$P$2 -> 日 期：2012年9月15日 | AQB2: =[4]利润表!$P$2 -> 日 期：2012年9月15日 | AQR2: =[4]利润表!$P$2 -> 日 期：2012年9月15日 | ARH2: =[4]利润表!$P$2 -> 日 期：2012年9月15日 | ARX2: =[4]利润表!$P$2 -> 日 期：2012年9月15日 | ASN2: =[4]利润表!$P$2 -> 日 期：2012年9月15日 | ATD2: =[4]利润表!$P$2 -> 日 期：2012年9月15日 | ATT2: =[4]利润表!$P$2 -> 日 期：2012年9月15日 | AUJ2: =[4]利润表!$P$2 -> 日 期：2012年9月15日 | AUZ2: =[4]利润表!$P$2 -> 日 期：2012年9月15日 | AVP2: =[4]利润表!$P$2 -> 日 期：2012年9月15日 | AWF2: =[4]利润表!$P$2 -> 日 期：2012年9月15日 | AWV2: =[4]利润表!$P$2 -> 日 期：2012年9月15日 | AXL2: =[4]利润表!$P$2 -> 日 期：2012年9月15日 | AYB2: =[4]利润表!$P$2 -> 日 期：2012年9月15日 | AYR2: =[4]利润表!$P$2 -> 日 期：2012年9月15日 | AZH2: =[4]利润表!$P$2 -> 日 期：2012年9月15日 | AZX2: =[4]利润表!$P$2 -> 日 期：2012年9月15日 | BAN2: =[4]利润表!$P$2 -> 日 期：2012年9月15日 | BBD2: =[4]利润表!$P$2 -> 日 期：2012年9月15日 | BBT2: =[4]利润表!$P$2 -> 日 期：2012年9月15日 | BCJ2: =[4]利润表!$P$2 -> 日 期：2012年9月15日 | BCZ2: =[4]利润表!$P$2 -> 日 期：2012年9月15日 | BDP2: =[4]利润表!$P$2 -> 日 期：2012年9月15日 | BEF2: =[4]利润表!$P$2 -> 日 期：2012年9月15日 | BEV2: =[4]利润表!$P$2 -> 日 期：2012年9月15日 | BFL2: =[4]利润表!$P$2 -> 日 期：2012年9月15日 | BGB2: =[4]利润表!$P$2 -> 日 期：2012年9月15日 | BGR2: =[4]利润表!$P$2 -> 日 期：2012年9月15日 | BHH2: =[4]利润表!$P$2 -> 日 期：2012年9月15日 | BHX2: =[4]利润表!$P$2 -> 日 期：2012年9月15日 | BIN2: =[4]利润表!$P$2 -> 日 期：2012年9月15日 | BJD2: =[4]利润表!$P$2 -> 日 期：2012年9月15日 | BJT2: =[4]利润表!$P$2 -> 日 期：2012年9月15日 | BKJ2: =[4]利润表!$P$2 -> 日 期：2012年9月15日 | BKZ2: =[4]利润表!$P$2 -> 日 期：2012年9月15日 | BLP2: =[4]利润表!$P$2 -> 日 期：2012年9月15日 | BMF2: =[4]利润表!$P$2 -> 日 期：2012年9月15日 | BMV2: =[4]利润表!$P$2 -> 日 期：2012年9月15日 | BNL2: =[4]利润表!$P$2 -> 日 期：2012年9月15日 | BOB2: =[4]利润表!$P$2 -> 日 期：2012年9月15日 | BOR2: =[4]利润表!$P$2 -> 日 期：2012年9月15日 | BPH2: =[4]利润表!$P$2 -> 日 期：2012年9月15日 | BPX2: =[4]利润表!$P$2 -> 日 期：2012年9月15日 | BQN2: =[4]利润表!$P$2 -> 日 期：2012年9月15日 | BRD2: =[4]利润表!$P$2 -> 日 期：2012年9月15日 | BRT2: =[4]利润表!$P$2 -> 日 期：2012年9月15日 | BSJ2: =[4]利润表!$P$2 -> 日 期：2012年9月15日 | BSZ2: =[4]利润表!$P$2 -> 日 期：2012年9月15日 | BTP2: =[4]利润表!$P$2 -> 日 期：2012年9月15日 | BUF2: =[4]利润表!$P$2 -> 日 期：2012年9月15日 | BUV2: =[4]利润表!$P$2 -> 日 期：2012年9月15日 | BVL2: =[4]利润表!$P$2 -> 日 期：2012年9月15日 | BWB2: =[4]利润表!$P$2 -> 日 期：2012年9月15日 | BWR2: =[4]利润表!$P$2 -> 日 期：2012年9月15日 | BXH2: =[4]利润表!$P$2 -> 日 期：2012年9月15日 | BXX2: =[4]利润表!$P$2 -> 日 期：2012年9月15日 | BYN2: =[4]利润表!$P$2 -> 日 期：2012年9月15日 | BZD2: =[4]利润表!$P$2 -> 日 期：2012年9月15日 | BZT2: =[4]利润表!$P$2 -> 日 期：2012年9月15日 | CAJ2: =[4]利润表!$P$2 -> 日 期：2012年9月15日 | CAZ2: =[4]利润表!$P$2 -> 日 期：2012年9月15日 | CBP2: =[4]利润表!$P$2 -> 日 期：2012年9月15日 | CCF2: =[4]利润表!$P$2 -> 日 期：2012年9月15日 | CCV2: =[4]利润表!$P$2 -> 日 期：2012年9月15日 | CDL2: =[4]利润表!$P$2 -> 日 期：2012年9月15日 | CEB2: =[4]利润表!$P$2 -> 日 期：2012年9月15日 | CER2: =[4]利润表!$P$2 -> 日 期：2012年9月15日 | CFH2: =[4]利润表!$P$2 -> 日 期：2012年9月15日 | CFX2: =[4]利润表!$P$2 -> 日 期：2012年9月15日 | CGN2: =[4]利润表!$P$2 -> 日 期：2012年9月15日 | CHD2: =[4]利润表!$P$2 -> 日 期：2012年9月15日 | CHT2: =[4]利润表!$P$2 -> 日 期：2012年9月15日 | CIJ2: =[4]利润表!$P$2 -> 日 期：2012年9月15日 | CIZ2: =[4]利润表!$P$2 -> 日 期：2012年9月15日 | CJP2: =[4]利润表!$P$2 -> 日 期：2012年9月15日 | CKF2: =[4]利润表!$P$2 -> 日 期：2012年9月15日 | CKV2: =[4]利润表!$P$2 -> 日 期：2012年9月15日 | CLL2: =[4]利润表!$P$2 -> 日 期：2012年9月15日 | CMB2: =[4]利润表!$P$2 -> 日 期：2012年9月15日 | CMR2: =[4]利润表!$P$2 -> 日 期：2012年9月15日 | CNH2: =[4]利润表!$P$2 -> 日 期：2012年9月15日 | CNX2: =[4]利润表!$P$2 -> 日 期：2012年9月15日 | CON2: =[4]利润表!$P$2 -> 日 期：2012年9月15日 | CPD2: =[4]利润表!$P$2 -> 日 期：2012年9月15日 | CPT2: =[4]利润表!$P$2 -> 日 期：2012年9月15日 | CQJ2: =[4]利润表!$P$2 -> 日 期：2012年9月15日 | CQZ2: =[4]利润表!$P$2 -> 日 期：2012年9月15日 | CRP2: =[4]利润表!$P$2 -> 日 期：2012年9月15日 | CSF2: =[4]利润表!$P$2 -> 日 期：2012年9月15日 | CSV2: =[4]利润表!$P$2 -> 日 期：2012年9月15日 | CTL2: =[4]利润表!$P$2 -> 日 期：2012年9月15日 | CUB2: =[4]利润表!$P$2 -> 日 期：2012年9月15日 | CUR2: =[4]利润表!$P$2 -> 日 期：2012年9月15日 | CVH2: =[4]利润表!$P$2 -> 日 期：2012年9月15日 | CVX2: =[4]利润表!$P$2 -> 日 期：2012年9月15日 | CWN2: =[4]利润表!$P$2 -> 日 期：2012年9月15日 | CXD2: =[4]利润表!$P$2 -> 日 期：2012年9月15日 | CXT2: =[4]利润表!$P$2 -> 日 期：2012年9月15日 | CYJ2: =[4]利润表!$P$2 -> 日 期：2012年9月15日 | CYZ2: =[4]利润表!$P$2 -> 日 期：2012年9月15日 | CZP2: =[4]利润表!$P$2 -> 日 期：2012年9月15日 | DAF2: =[4]利润表!$P$2 -> 日 期：2012年9月15日 | DAV2: =[4]利润表!$P$2 -> 日 期：2012年9月15日 | DBL2: =[4]利润表!$P$2 -> 日 期：2012年9月15日 | DCB2: =[4]利润表!$P$2 -> 日 期：2012年9月15日 | DCR2: =[4]利润表!$P$2 -> 日 期：2012年9月15日 | DDH2: =[4]利润表!$P$2 -> 日 期：2012年9月15日 | DDX2: =[4]利润表!$P$2 -> 日 期：2012年9月15日 | DEN2: =[4]利润表!$P$2 -> 日 期：2012年9月15日 | DFD2: =[4]利润表!$P$2 -> 日 期：2012年9月15日 | DFT2: =[4]利润表!$P$2 -> 日 期：2012年9月15日 | DGJ2: =[4]利润表!$P$2 -> 日 期：2012年9月15日 | DGZ2: =[4]利润表!$P$2 -> 日 期：2012年9月15日 | DHP2: =[4]利润表!$P$2 -> 日 期：2012年9月15日 | DIF2: =[4]利润表!$P$2 -> 日 期：2012年9月15日 | DIV2: =[4]利润表!$P$2 -> 日 期：2012年9月15日 | DJL2: =[4]利润表!$P$2 -> 日 期：2012年9月15日 | DKB2: =[4]利润表!$P$2 -> 日 期：2012年9月15日 | DKR2: =[4]利润表!$P$2 -> 日 期：2012年9月15日 | DLH2: =[4]利润表!$P$2 -> 日 期：2012年9月15日 | DLX2: =[4]利润表!$P$2 -> 日 期：2012年9月15日 | DMN2: =[4]利润表!$P$2 -> 日 期：2012年9月15日 | DND2: =[4]利润表!$P$2 -> 日 期：2012年9月15日 | DNT2: =[4]利润表!$P$2 -> 日 期：2012年9月15日 | DOJ2: =[4]利润表!$P$2 -> 日 期：2012年9月15日 | DOZ2: =[4]利润表!$P$2 -> 日 期：2012年9月15日 | DPP2: =[4]利润表!$P$2 -> 日 期：2012年9月15日 | DQF2: =[4]利润表!$P$2 -> 日 期：2012年9月15日 | DQV2: =[4]利润表!$P$2 -> 日 期：2012年9月15日 | DRL2: =[4]利润表!$P$2 -> 日 期：2012年9月15日 | DSB2: =[4]利润表!$P$2 -> 日 期：2012年9月15日 | DSR2: =[4]利润表!$P$2 -> 日 期：2012年9月15日 | DTH2: =[4]利润表!$P$2 -> 日 期：2012年9月15日 | DTX2: =[4]利润表!$P$2 -> 日 期：2012年9月15日 | DUN2: =[4]利润表!$P$2 -> 日 期：2012年9月15日 | DVD2: =[4]利润表!$P$2 -> 日 期：2012年9月15日 | DVT2: =[4]利润表!$P$2 -> 日 期：2012年9月15日 | DWJ2: =[4]利润表!$P$2 -> 日 期：2012年9月15日 | DWZ2: =[4]利润表!$P$2 -> 日 期：2012年9月15日 | DXP2: =[4]利润表!$P$2 -> 日 期：2012年9月15日 | DYF2: =[4]利润表!$P$2 -> 日 期：2012年9月15日 | DYV2: =[4]利润表!$P$2 -> 日 期：2012年9月15日 | DZL2: =[4]利润表!$P$2 -> 日 期：2012年9月15日 | EAB2: =[4]利润表!$P$2 -> 日 期：2012年9月15日 | EAR2: =[4]利润表!$P$2 -> 日 期：2012年9月15日 | EBH2: =[4]利润表!$P$2 -> 日 期：2012年9月15日 | EBX2: =[4]利润表!$P$2 -> 日 期：2012年9月15日 | ECN2: =[4]利润表!$P$2 -> 日 期：2012年9月15日 | EDD2: =[4]利润表!$P$2 -> 日 期：2012年9月15日 | EDT2: =[4]利润表!$P$2 -> 日 期：2012年9月15日 | EEJ2: =[4]利润表!$P$2 -> 日 期：2012年9月15日 | EEZ2: =[4]利润表!$P$2 -> 日 期：2012年9月15日 | EFP2: =[4]利润表!$P$2 -> 日 期：2012年9月15日 | EGF2: =[4]利润表!$P$2 -> 日 期：2012年9月15日 | EGV2: =[4]利润表!$P$2 -> 日 期：2012年9月15日 | EHL2: =[4]利润表!$P$2 -> 日 期：2012年9月15日 | EIB2: =[4]利润表!$P$2 -> 日 期：2012年9月15日 | EIR2: =[4]利润表!$P$2 -> 日 期：2012年9月15日 | EJH2: =[4]利润表!$P$2 -> 日 期：2012年9月15日 | EJX2: =[4]利润表!$P$2 -> 日 期：2012年9月15日 | EKN2: =[4]利润表!$P$2 -> 日 期：2012年9月15日 | ELD2: =[4]利润表!$P$2 -> 日 期：2012年9月15日 | ELT2: =[4]利润表!$P$2 -> 日 期：2012年9月15日 | EMJ2: =[4]利润表!$P$2 -> 日 期：2012年9月15日 | EMZ2: =[4]利润表!$P$2 -> 日 期：2012年9月15日 | ENP2: =[4]利润表!$P$2 -> 日 期：2012年9月15日 | EOF2: =[4]利润表!$P$2 -> 日 期：2012年9月15日 | EOV2: =[4]利润表!$P$2 -> 日 期：2012年9月15日 | EPL2: =[4]利润表!$P$2 -> 日 期：2012年9月15日 | EQB2: =[4]利润表!$P$2 -> 日 期：2012年9月15日 | EQR2: =[4]利润表!$P$2 -> 日 期：2012年9月15日 | ERH2: =[4]利润表!$P$2 -> 日 期：2012年9月15日 | ERX2: =[4]利润表!$P$2 -> 日 期：2012年9月15日 | ESN2: =[4]利润表!$P$2 -> 日 期：2012年9月15日 | ETD2: =[4]利润表!$P$2 -> 日 期：2012年9月15日 | ETT2: =[4]利润表!$P$2 -> 日 期：2012年9月15日 | EUJ2: =[4]利润表!$P$2 -> 日 期：2012年9月15日 | EUZ2: =[4]利润表!$P$2 -> 日 期：2012年9月15日 | EVP2: =[4]利润表!$P$2 -> 日 期：2012年9月15日 | EWF2: =[4]利润表!$P$2 -> 日 期：2012年9月15日 | EWV2: =[4]利润表!$P$2 -> 日 期：2012年9月15日 | EXL2: =[4]利润表!$P$2 -> 日 期：2012年9月15日 | EYB2: =[4]利润表!$P$2 -> 日 期：2012年9月15日 | EYR2: =[4]利润表!$P$2 -> 日 期：2012年9月15日 | EZH2: =[4]利润表!$P$2 -> 日 期：2012年9月15日 | EZX2: =[4]利润表!$P$2 -> 日 期：2012年9月15日 | FAN2: =[4]利润表!$P$2 -> 日 期：2012年9月15日 | FBD2: =[4]利润表!$P$2 -> 日 期：2012年9月15日 | FBT2: =[4]利润表!$P$2 -> 日 期：2012年9月15日 | FCJ2: =[4]利润表!$P$2 -> 日 期：2012年9月15日 | FCZ2: =[4]利润表!$P$2 -> 日 期：2012年9月15日 | FDP2: =[4]利润表!$P$2 -> 日 期：2012年9月15日 | FEF2: =[4]利润表!$P$2 -> 日 期：2012年9月15日 | FEV2: =[4]利润表!$P$2 -> 日 期：2012年9月15日 | FFL2: =[4]利润表!$P$2 -> 日 期：2012年9月15日 | FGB2: =[4]利润表!$P$2 -> 日 期：2012年9月15日 | FGR2: =[4]利润表!$P$2 -> 日 期：2012年9月15日 | FHH2: =[4]利润表!$P$2 -> 日 期：2012年9月15日 | FHX2: =[4]利润表!$P$2 -> 日 期：2012年9月15日 | FIN2: =[4]利润表!$P$2 -> 日 期：2012年9月15日 | FJD2: =[4]利润表!$P$2 -> 日 期：2012年9月15日 | FJT2: =[4]利润表!$P$2 -> 日 期：2012年9月15日 | FKJ2: =[4]利润表!$P$2 -> 日 期：2012年9月15日 | FKZ2: =[4]利润表!$P$2 -> 日 期：2012年9月15日 | FLP2: =[4]利润表!$P$2 -> 日 期：2012年9月15日 | FMF2: =[4]利润表!$P$2 -> 日 期：2012年9月15日 | FMV2: =[4]利润表!$P$2 -> 日 期：2012年9月15日 | FNL2: =[4]利润表!$P$2 -> 日 期：2012年9月15日 | FOB2: =[4]利润表!$P$2 -> 日 期：2012年9月15日 | FOR2: =[4]利润表!$P$2 -> 日 期：2012年9月15日 | FPH2: =[4]利润表!$P$2 -> 日 期：2012年9月15日 | FPX2: =[4]利润表!$P$2 -> 日 期：2012年9月15日 | FQN2: =[4]利润表!$P$2 -> 日 期：2012年9月15日 | FRD2: =[4]利润表!$P$2 -> 日 期：2012年9月15日 | FRT2: =[4]利润表!$P$2 -> 日 期：2012年9月15日 | FSJ2: =[4]利润表!$P$2 -> 日 期：2012年9月15日 | FSZ2: =[4]利润表!$P$2 -> 日 期：2012年9月15日 | FTP2: =[4]利润表!$P$2 -> 日 期：2012年9月15日 | FUF2: =[4]利润表!$P$2 -> 日 期：2012年9月15日 | FUV2: =[4]利润表!$P$2 -> 日 期：2012年9月15日 | FVL2: =[4]利润表!$P$2 -> 日 期：2012年9月15日 | FWB2: =[4]利润表!$P$2 -> 日 期：2012年9月15日 | FWR2: =[4]利润表!$P$2 -> 日 期：2012年9月15日 | FXH2: =[4]利润表!$P$2 -> 日 期：2012年9月15日 | FXX2: =[4]利润表!$P$2 -> 日 期：2012年9月15日 | FYN2: =[4]利润表!$P$2 -> 日 期：2012年9月15日 | FZD2: =[4]利润表!$P$2 -> 日 期：2012年9月15日 | FZT2: =[4]利润表!$P$2 -> 日 期：2012年9月15日 | GAJ2: =[4]利润表!$P$2 -> 日 期：2012年9月15日 | GAZ2: =[4]利润表!$P$2 -> 日 期：2012年9月15日 | GBP2: =[4]利润表!$P$2 -> 日 期：2012年9月15日 | GCF2: =[4]利润表!$P$2 -> 日 期：2012年9月15日 | GCV2: =[4]利润表!$P$2 -> 日 期：2012年9月15日 | GDL2: =[4]利润表!$P$2 -> 日 期：2012年9月15日 | GEB2: =[4]利润表!$P$2 -> 日 期：2012年9月15日 | GER2: =[4]利润表!$P$2 -> 日 期：2012年9月15日 | GFH2: =[4]利润表!$P$2 -> 日 期：2012年9月15日 | GFX2: =[4]利润表!$P$2 -> 日 期：2012年9月15日 | GGN2: =[4]利润表!$P$2 -> 日 期：2012年9月15日 | GHD2: =[4]利润表!$P$2 -> 日 期：2012年9月15日 | GHT2: =[4]利润表!$P$2 -> 日 期：2012年9月15日 | GIJ2: =[4]利润表!$P$2 -> 日 期：2012年9月15日 | GIZ2: =[4]利润表!$P$2 -> 日 期：2012年9月15日 | GJP2: =[4]利润表!$P$2 -> 日 期：2012年9月15日 | GKF2: =[4]利润表!$P$2 -> 日 期：2012年9月15日 | GKV2: =[4]利润表!$P$2 -> 日 期：2012年9月15日 | GLL2: =[4]利润表!$P$2 -> 日 期：2012年9月15日 | GMB2: =[4]利润表!$P$2 -> 日 期：2012年9月15日 | GMR2: =[4]利润表!$P$2 -> 日 期：2012年9月15日 | GNH2: =[4]利润表!$P$2 -> 日 期：2012年9月15日 | GNX2: =[4]利润表!$P$2 -> 日 期：2012年9月15日 | GON2: =[4]利润表!$P$2 -> 日 期：2012年9月15日 | GPD2: =[4]利润表!$P$2 -> 日 期：2012年9月15日 | GPT2: =[4]利润表!$P$2 -> 日 期：2012年9月15日 | GQJ2: =[4]利润表!$P$2 -> 日 期：2012年9月15日 | GQZ2: =[4]利润表!$P$2 -> 日 期：2012年9月15日 | GRP2: =[4]利润表!$P$2 -> 日 期：2012年9月15日 | GSF2: =[4]利润表!$P$2 -> 日 期：2012年9月15日 | GSV2: =[4]利润表!$P$2 -> 日 期：2012年9月15日 | GTL2: =[4]利润表!$P$2 -> 日 期：2012年9月15日 | GUB2: =[4]利润表!$P$2 -> 日 期：2012年9月15日 | GUR2: =[4]利润表!$P$2 -> 日 期：2012年9月15日 | GVH2: =[4]利润表!$P$2 -> 日 期：2012年9月15日 | GVX2: =[4]利润表!$P$2 -> 日 期：2012年9月15日 | GWN2: =[4]利润表!$P$2 -> 日 期：2012年9月15日 | GXD2: =[4]利润表!$P$2 -> 日 期：2012年9月15日 | GXT2: =[4]利润表!$P$2 -> 日 期：2012年9月15日 | GYJ2: =[4]利润表!$P$2 -> 日 期：2012年9月15日 | GYZ2: =[4]利润表!$P$2 -> 日 期：2012年9月15日 | GZP2: =[4]利润表!$P$2 -> 日 期：2012年9月15日 | HAF2: =[4]利润表!$P$2 -> 日 期：2012年9月15日 | HAV2: =[4]利润表!$P$2 -> 日 期：2012年9月15日 | HBL2: =[4]利润表!$P$2 -> 日 期：2012年9月15日 | HCB2: =[4]利润表!$P$2 -> 日 期：2012年9月15日 | HCR2: =[4]利润表!$P$2 -> 日 期：2012年9月15日 | HDH2: =[4]利润表!$P$2 -> 日 期：2012年9月15日 | HDX2: =[4]利润表!$P$2 -> 日 期：2012年9月15日 | HEN2: =[4]利润表!$P$2 -> 日 期：2012年9月15日 | HFD2: =[4]利润表!$P$2 -> 日 期：2012年9月15日 | HFT2: =[4]利润表!$P$2 -> 日 期：2012年9月15日 | HGJ2: =[4]利润表!$P$2 -> 日 期：2012年9月15日 | HGZ2: =[4]利润表!$P$2 -> 日 期：2012年9月15日 | HHP2: =[4]利润表!$P$2 -> 日 期：2012年9月15日 | HIF2: =[4]利润表!$P$2 -> 日 期：2012年9月15日 | HIV2: =[4]利润表!$P$2 -> 日 期：2012年9月15日 | HJL2: =[4]利润表!$P$2 -> 日 期：2012年9月15日 | HKB2: =[4]利润表!$P$2 -> 日 期：2012年9月15日 | HKR2: =[4]利润表!$P$2 -> 日 期：2012年9月15日 | HLH2: =[4]利润表!$P$2 -> 日 期：2012年9月15日 | HLX2: =[4]利润表!$P$2 -> 日 期：2012年9月15日 | HMN2: =[4]利润表!$P$2 -> 日 期：2012年9月15日 | HND2: =[4]利润表!$P$2 -> 日 期：2012年9月15日 | HNT2: =[4]利润表!$P$2 -> 日 期：2012年9月15日 | HOJ2: =[4]利润表!$P$2 -> 日 期：2012年9月15日 | HOZ2: =[4]利润表!$P$2 -> 日 期：2012年9月15日 | HPP2: =[4]利润表!$P$2 -> 日 期：2012年9月15日 | HQF2: =[4]利润表!$P$2 -> 日 期：2012年9月15日 | HQV2: =[4]利润表!$P$2 -> 日 期：2012年9月15日 | HRL2: =[4]利润表!$P$2 -> 日 期：2012年9月15日 | HSB2: =[4]利润表!$P$2 -> 日 期：2012年9月15日 | HSR2: =[4]利润表!$P$2 -> 日 期：2012年9月15日 | HTH2: =[4]利润表!$P$2 -> 日 期：2012年9月15日 | HTX2: =[4]利润表!$P$2 -> 日 期：2012年9月15日 | HUN2: =[4]利润表!$P$2 -> 日 期：2012年9月15日 | HVD2: =[4]利润表!$P$2 -> 日 期：2012年9月15日 | HVT2: =[4]利润表!$P$2 -> 日 期：2012年9月15日 | HWJ2: =[4]利润表!$P$2 -> 日 期：2012年9月15日 | HWZ2: =[4]利润表!$P$2 -> 日 期：2012年9月15日 | HXP2: =[4]利润表!$P$2 -> 日 期：2012年9月15日 | HYF2: =[4]利润表!$P$2 -> 日 期：2012年9月15日 | HYV2: =[4]利润表!$P$2 -> 日 期：2012年9月15日 | HZL2: =[4]利润表!$P$2 -> 日 期：2012年9月15日 | IAB2: =[4]利润表!$P$2 -> 日 期：2012年9月15日 | IAR2: =[4]利润表!$P$2 -> 日 期：2012年9月15日 | IBH2: =[4]利润表!$P$2 -> 日 期：2012年9月15日 | IBX2: =[4]利润表!$P$2 -> 日 期：2012年9月15日 | ICN2: =[4]利润表!$P$2 -> 日 期：2012年9月15日 | IDD2: =[4]利润表!$P$2 -> 日 期：2012年9月15日 | IDT2: =[4]利润表!$P$2 -> 日 期：2012年9月15日 | IEJ2: =[4]利润表!$P$2 -> 日 期：2012年9月15日 | IEZ2: =[4]利润表!$P$2 -> 日 期：2012年9月15日 | IFP2: =[4]利润表!$P$2 -> 日 期：2012年9月15日 | IGF2: =[4]利润表!$P$2 -> 日 期：2012年9月15日 | IGV2: =[4]利润表!$P$2 -> 日 期：2012年9月15日 | IHL2: =[4]利润表!$P$2 -> 日 期：2012年9月15日 | IIB2: =[4]利润表!$P$2 -> 日 期：2012年9月15日 | IIR2: =[4]利润表!$P$2 -> 日 期：2012年9月15日 | IJH2: =[4]利润表!$P$2 -> 日 期：2012年9月15日 | IJX2: =[4]利润表!$P$2 -> 日 期：2012年9月15日 | IKN2: =[4]利润表!$P$2 -> 日 期：2012年9月15日 | ILD2: =[4]利润表!$P$2 -> 日 期：2012年9月15日 | ILT2: =[4]利润表!$P$2 -> 日 期：2012年9月15日 | IMJ2: =[4]利润表!$P$2 -> 日 期：2012年9月15日 | IMZ2: =[4]利润表!$P$2 -> 日 期：2012年9月15日 | INP2: =[4]利润表!$P$2 -> 日 期：2012年9月15日 | IOF2: =[4]利润表!$P$2 -> 日 期：2012年9月15日 | IOV2: =[4]利润表!$P$2 -> 日 期：2012年9月15日 | IPL2: =[4]利润表!$P$2 -> 日 期：2012年9月15日 | IQB2: =[4]利润表!$P$2 -> 日 期：2012年9月15日 | IQR2: =[4]利润表!$P$2 -> 日 期：2012年9月15日 | IRH2: =[4]利润表!$P$2 -> 日 期：2012年9月15日 | IRX2: =[4]利润表!$P$2 -> 日 期：2012年9月15日 | ISN2: =[4]利润表!$P$2 -> 日 期：2012年9月15日 | ITD2: =[4]利润表!$P$2 -> 日 期：2012年9月15日 | ITT2: =[4]利润表!$P$2 -> 日 期：2012年9月15日 | IUJ2: =[4]利润表!$P$2 -> 日 期：2012年9月15日 | IUZ2: =[4]利润表!$P$2 -> 日 期：2012年9月15日 | IVP2: =[4]利润表!$P$2 -> 日 期：2012年9月15日 | IWF2: =[4]利润表!$P$2 -> 日 期：2012年9月15日 | IWV2: =[4]利润表!$P$2 -> 日 期：2012年9月15日 | IXL2: =[4]利润表!$P$2 -> 日 期：2012年9月15日 | IYB2: =[4]利润表!$P$2 -> 日 期：2012年9月15日 | IYR2: =[4]利润表!$P$2 -> 日 期：2012年9月15日 | IZH2: =[4]利润表!$P$2 -> 日 期：2012年9月15日 | IZX2: =[4]利润表!$P$2 -> 日 期：2012年9月15日 | JAN2: =[4]利润表!$P$2 -> 日 期：2012年9月15日 | JBD2: =[4]利润表!$P$2 -> 日 期：2012年9月15日 | JBT2: =[4]利润表!$P$2 -> 日 期：2012年9月15日 | JCJ2: =[4]利润表!$P$2 -> 日 期：2012年9月15日 | JCZ2: =[4]利润表!$P$2 -> 日 期：2012年9月15日 | JDP2: =[4]利润表!$P$2 -> 日 期：2012年9月15日 | JEF2: =[4]利润表!$P$2 -> 日 期：2012年9月15日 | JEV2: =[4]利润表!$P$2 -> 日 期：2012年9月15日 | JFL2: =[4]利润表!$P$2 -> 日 期：2012年9月15日 | JGB2: =[4]利润表!$P$2 -> 日 期：2012年9月15日 | JGR2: =[4]利润表!$P$2 -> 日 期：2012年9月15日 | JHH2: =[4]利润表!$P$2 -> 日 期：2012年9月15日 | JHX2: =[4]利润表!$P$2 -> 日 期：2012年9月15日 | JIN2: =[4]利润表!$P$2 -> 日 期：2012年9月15日 | JJD2: =[4]利润表!$P$2 -> 日 期：2012年9月15日 | JJT2: =[4]利润表!$P$2 -> 日 期：2012年9月15日 | JKJ2: =[4]利润表!$P$2 -> 日 期：2012年9月15日 | JKZ2: =[4]利润表!$P$2 -> 日 期：2012年9月15日 | JLP2: =[4]利润表!$P$2 -> 日 期：2012年9月15日 | JMF2: =[4]利润表!$P$2 -> 日 期：2012年9月15日 | JMV2: =[4]利润表!$P$2 -> 日 期：2012年9月15日 | JNL2: =[4]利润表!$P$2 -> 日 期：2012年9月15日 | JOB2: =[4]利润表!$P$2 -> 日 期：2012年9月15日 | JOR2: =[4]利润表!$P$2 -> 日 期：2012年9月15日 | JPH2: =[4]利润表!$P$2 -> 日 期：2012年9月15日 | JPX2: =[4]利润表!$P$2 -> 日 期：2012年9月15日 | JQN2: =[4]利润表!$P$2 -> 日 期：2012年9月15日 | JRD2: =[4]利润表!$P$2 -> 日 期：2012年9月15日 | JRT2: =[4]利润表!$P$2 -> 日 期：2012年9月15日 | JSJ2: =[4]利润表!$P$2 -> 日 期：2012年9月15日 | JSZ2: =[4]利润表!$P$2 -> 日 期：2012年9月15日 | JTP2: =[4]利润表!$P$2 -> 日 期：2012年9月15日 | JUF2: =[4]利润表!$P$2 -> 日 期：2012年9月15日 | JUV2: =[4]利润表!$P$2 -> 日 期：2012年9月15日 | JVL2: =[4]利润表!$P$2 -> 日 期：2012年9月15日 | JWB2: =[4]利润表!$P$2 -> 日 期：2012年9月15日 | JWR2: =[4]利润表!$P$2 -> 日 期：2012年9月15日 | JXH2: =[4]利润表!$P$2 -> 日 期：2012年9月15日 | JXX2: =[4]利润表!$P$2 -> 日 期：2012年9月15日 | JYN2: =[4]利润表!$P$2 -> 日 期：2012年9月15日 | JZD2: =[4]利润表!$P$2 -> 日 期：2012年9月15日 | JZT2: =[4]利润表!$P$2 -> 日 期：2012年9月15日 | KAJ2: =[4]利润表!$P$2 -> 日 期：2012年9月15日 | KAZ2: =[4]利润表!$P$2 -> 日 期：2012年9月15日 | KBP2: =[4]利润表!$P$2 -> 日 期：2012年9月15日 | KCF2: =[4]利润表!$P$2 -> 日 期：2012年9月15日 | KCV2: =[4]利润表!$P$2 -> 日 期：2012年9月15日 | KDL2: =[4]利润表!$P$2 -> 日 期：2012年9月15日 | KEB2: =[4]利润表!$P$2 -> 日 期：2012年9月15日 | KER2: =[4]利润表!$P$2 -> 日 期：2012年9月15日 | KFH2: =[4]利润表!$P$2 -> 日 期：2012年9月15日 | KFX2: =[4]利润表!$P$2 -> 日 期：2012年9月15日 | KGN2: =[4]利润表!$P$2 -> 日 期：2012年9月15日 | KHD2: =[4]利润表!$P$2 -> 日 期：2012年9月15日 | KHT2: =[4]利润表!$P$2 -> 日 期：2012年9月15日 | KIJ2: =[4]利润表!$P$2 -> 日 期：2012年9月15日 | KIZ2: =[4]利润表!$P$2 -> 日 期：2012年9月15日 | KJP2: =[4]利润表!$P$2 -> 日 期：2012年9月15日 | KKF2: =[4]利润表!$P$2 -> 日 期：2012年9月15日 | KKV2: =[4]利润表!$P$2 -> 日 期：2012年9月15日 | KLL2: =[4]利润表!$P$2 -> 日 期：2012年9月15日 | KMB2: =[4]利润表!$P$2 -> 日 期：2012年9月15日 | KMR2: =[4]利润表!$P$2 -> 日 期：2012年9月15日 | KNH2: =[4]利润表!$P$2 -> 日 期：2012年9月15日 | KNX2: =[4]利润表!$P$2 -> 日 期：2012年9月15日 | KON2: =[4]利润表!$P$2 -> 日 期：2012年9月15日 | KPD2: =[4]利润表!$P$2 -> 日 期：2012年9月15日 | KPT2: =[4]利润表!$P$2 -> 日 期：2012年9月15日 | KQJ2: =[4]利润表!$P$2 -> 日 期：2012年9月15日 | KQZ2: =[4]利润表!$P$2 -> 日 期：2012年9月15日 | KRP2: =[4]利润表!$P$2 -> 日 期：2012年9月15日 | KSF2: =[4]利润表!$P$2 -> 日 期：2012年9月15日 | KSV2: =[4]利润表!$P$2 -> 日 期：2012年9月15日 | KTL2: =[4]利润表!$P$2 -> 日 期：2012年9月15日 | KUB2: =[4]利润表!$P$2 -> 日 期：2012年9月15日 | KUR2: =[4]利润表!$P$2 -> 日 期：2012年9月15日 | KVH2: =[4]利润表!$P$2 -> 日 期：2012年9月15日 | KVX2: =[4]利润表!$P$2 -> 日 期：2012年9月15日 | KWN2: =[4]利润表!$P$2 -> 日 期：2012年9月15日 | KXD2: =[4]利润表!$P$2 -> 日 期：2012年9月15日 | KXT2: =[4]利润表!$P$2 -> 日 期：2012年9月15日 | KYJ2: =[4]利润表!$P$2 -> 日 期：2012年9月15日 | KYZ2: =[4]利润表!$P$2 -> 日 期：2012年9月15日 | KZP2: =[4]利润表!$P$2 -> 日 期：2012年9月15日 | LAF2: =[4]利润表!$P$2 -> 日 期：2012年9月15日 | LAV2: =[4]利润表!$P$2 -> 日 期：2012年9月15日 | LBL2: =[4]利润表!$P$2 -> 日 期：2012年9月15日 | LCB2: =[4]利润表!$P$2 -> 日 期：2012年9月15日 | LCR2: =[4]利润表!$P$2 -> 日 期：2012年9月15日 | LDH2: =[4]利润表!$P$2 -> 日 期：2012年9月15日 | LDX2: =[4]利润表!$P$2 -> 日 期：2012年9月15日 | LEN2: =[4]利润表!$P$2 -> 日 期：2012年9月15日 | LFD2: =[4]利润表!$P$2 -> 日 期：2012年9月15日 | LFT2: =[4]利润表!$P$2 -> 日 期：2012年9月15日 | LGJ2: =[4]利润表!$P$2 -> 日 期：2012年9月15日 | LGZ2: =[4]利润表!$P$2 -> 日 期：2012年9月15日 | LHP2: =[4]利润表!$P$2 -> 日 期：2012年9月15日 | LIF2: =[4]利润表!$P$2 -> 日 期：2012年9月15日 | LIV2: =[4]利润表!$P$2 -> 日 期：2012年9月15日 | LJL2: =[4]利润表!$P$2 -> 日 期：2012年9月15日 | LKB2: =[4]利润表!$P$2 -> 日 期：2012年9月15日 | LKR2: =[4]利润表!$P$2 -> 日 期：2012年9月15日 | LLH2: =[4]利润表!$P$2 -> 日 期：2012年9月15日 | LLX2: =[4]利润表!$P$2 -> 日 期：2012年9月15日 | LMN2: =[4]利润表!$P$2 -> 日 期：2012年9月15日 | LND2: =[4]利润表!$P$2 -> 日 期：2012年9月15日 | LNT2: =[4]利润表!$P$2 -> 日 期：2012年9月15日 | LOJ2: =[4]利润表!$P$2 -> 日 期：2012年9月15日 | LOZ2: =[4]利润表!$P$2 -> 日 期：2012年9月15日 | LPP2: =[4]利润表!$P$2 -> 日 期：2012年9月15日 | LQF2: =[4]利润表!$P$2 -> 日 期：2012年9月15日 | LQV2: =[4]利润表!$P$2 -> 日 期：2012年9月15日 | LRL2: =[4]利润表!$P$2 -> 日 期：2012年9月15日 | LSB2: =[4]利润表!$P$2 -> 日 期：2012年9月15日 | LSR2: =[4]利润表!$P$2 -> 日 期：2012年9月15日 | LTH2: =[4]利润表!$P$2 -> 日 期：2012年9月15日 | LTX2: =[4]利润表!$P$2 -> 日 期：2012年9月15日 | LUN2: =[4]利润表!$P$2 -> 日 期：2012年9月15日 | LVD2: =[4]利润表!$P$2 -> 日 期：2012年9月15日 | LVT2: =[4]利润表!$P$2 -> 日 期：2012年9月15日 | LWJ2: =[4]利润表!$P$2 -> 日 期：2012年9月15日 | LWZ2: =[4]利润表!$P$2 -> 日 期：2012年9月15日 | LXP2: =[4]利润表!$P$2 -> 日 期：2012年9月15日 | LYF2: =[4]利润表!$P$2 -> 日 期：2012年9月15日 | LYV2: =[4]利润表!$P$2 -> 日 期：2012年9月15日 | LZL2: =[4]利润表!$P$2 -> 日 期：2012年9月15日 | MAB2: =[4]利润表!$P$2 -> 日 期：2012年9月15日 | MAR2: =[4]利润表!$P$2 -> 日 期：2012年9月15日 | MBH2: =[4]利润表!$P$2 -> 日 期：2012年9月15日 | MBX2: =[4]利润表!$P$2 -> 日 期：2012年9月15日 | MCN2: =[4]利润表!$P$2 -> 日 期：2012年9月15日 | MDD2: =[4]利润表!$P$2 -> 日 期：2012年9月15日 | MDT2: =[4]利润表!$P$2 -> 日 期：2012年9月15日 | MEJ2: =[4]利润表!$P$2 -> 日 期：2012年9月15日 | MEZ2: =[4]利润表!$P$2 -> 日 期：2012年9月15日 | MFP2: =[4]利润表!$P$2 -> 日 期：2012年9月15日 | MGF2: =[4]利润表!$P$2 -> 日 期：2012年9月15日 | MGV2: =[4]利润表!$P$2 -> 日 期：2012年9月15日 | MHL2: =[4]利润表!$P$2 -> 日 期：2012年9月15日 | MIB2: =[4]利润表!$P$2 -> 日 期：2012年9月15日 | MIR2: =[4]利润表!$P$2 -> 日 期：2012年9月15日 | MJH2: =[4]利润表!$P$2 -> 日 期：2012年9月15日 | MJX2: =[4]利润表!$P$2 -> 日 期：2012年9月15日 | MKN2: =[4]利润表!$P$2 -> 日 期：2012年9月15日 | MLD2: =[4]利润表!$P$2 -> 日 期：2012年9月15日 | MLT2: =[4]利润表!$P$2 -> 日 期：2012年9月15日 | MMJ2: =[4]利润表!$P$2 -> 日 期：2012年9月15日 | MMZ2: =[4]利润表!$P$2 -> 日 期：2012年9月15日 | MNP2: =[4]利润表!$P$2 -> 日 期：2012年9月15日 | MOF2: =[4]利润表!$P$2 -> 日 期：2012年9月15日 | MOV2: =[4]利润表!$P$2 -> 日 期：2012年9月15日 | MPL2: =[4]利润表!$P$2 -> 日 期：2012年9月15日 | MQB2: =[4]利润表!$P$2 -> 日 期：2012年9月15日 | MQR2: =[4]利润表!$P$2 -> 日 期：2012年9月15日 | MRH2: =[4]利润表!$P$2 -> 日 期：2012年9月15日 | MRX2: =[4]利润表!$P$2 -> 日 期：2012年9月15日 | MSN2: =[4]利润表!$P$2 -> 日 期：2012年9月15日 | MTD2: =[4]利润表!$P$2 -> 日 期：2012年9月15日 | MTT2: =[4]利润表!$P$2 -> 日 期：2012年9月15日 | MUJ2: =[4]利润表!$P$2 -> 日 期：2012年9月15日 | MUZ2: =[4]利润表!$P$2 -> 日 期：2012年9月15日 | MVP2: =[4]利润表!$P$2 -> 日 期：2012年9月15日 | MWF2: =[4]利润表!$P$2 -> 日 期：2012年9月15日 | MWV2: =[4]利润表!$P$2 -> 日 期：2012年9月15日 | MXL2: =[4]利润表!$P$2 -> 日 期：2012年9月15日 | MYB2: =[4]利润表!$P$2 -> 日 期：2012年9月15日 | MYR2: =[4]利润表!$P$2 -> 日 期：2012年9月15日 | MZH2: =[4]利润表!$P$2 -> 日 期：2012年9月15日 | MZX2: =[4]利润表!$P$2 -> 日 期：2012年9月15日 | NAN2: =[4]利润表!$P$2 -> 日 期：2012年9月15日 | NBD2: =[4]利润表!$P$2 -> 日 期：2012年9月15日 | NBT2: =[4]利润表!$P$2 -> 日 期：2012年9月15日 | NCJ2: =[4]利润表!$P$2 -> 日 期：2012年9月15日 | NCZ2: =[4]利润表!$P$2 -> 日 期：2012年9月15日 | NDP2: =[4]利润表!$P$2 -> 日 期：2012年9月15日 | NEF2: =[4]利润表!$P$2 -> 日 期：2012年9月15日 | NEV2: =[4]利润表!$P$2 -> 日 期：2012年9月15日 | NFL2: =[4]利润表!$P$2 -> 日 期：2012年9月15日 | NGB2: =[4]利润表!$P$2 -> 日 期：2012年9月15日 | NGR2: =[4]利润表!$P$2 -> 日 期：2012年9月15日 | NHH2: =[4]利润表!$P$2 -> 日 期：2012年9月15日 | NHX2: =[4]利润表!$P$2 -> 日 期：2012年9月15日 | NIN2: =[4]利润表!$P$2 -> 日 期：2012年9月15日 | NJD2: =[4]利润表!$P$2 -> 日 期：2012年9月15日 | NJT2: =[4]利润表!$P$2 -> 日 期：2012年9月15日 | NKJ2: =[4]利润表!$P$2 -> 日 期：2012年9月15日 | NKZ2: =[4]利润表!$P$2 -> 日 期：2012年9月15日 | NLP2: =[4]利润表!$P$2 -> 日 期：2012年9月15日 | NMF2: =[4]利润表!$P$2 -> 日 期：2012年9月15日 | NMV2: =[4]利润表!$P$2 -> 日 期：2012年9月15日 | NNL2: =[4]利润表!$P$2 -> 日 期：2012年9月15日 | NOB2: =[4]利润表!$P$2 -> 日 期：2012年9月15日 | NOR2: =[4]利润表!$P$2 -> 日 期：2012年9月15日 | NPH2: =[4]利润表!$P$2 -> 日 期：2012年9月15日 | NPX2: =[4]利润表!$P$2 -> 日 期：2012年9月15日 | NQN2: =[4]利润表!$P$2 -> 日 期：2012年9月15日 | NRD2: =[4]利润表!$P$2 -> 日 期：2012年9月15日 | NRT2: =[4]利润表!$P$2 -> 日 期：2012年9月15日 | NSJ2: =[4]利润表!$P$2 -> 日 期：2012年9月15日 | NSZ2: =[4]利润表!$P$2 -> 日 期：2012年9月15日 | NTP2: =[4]利润表!$P$2 -> 日 期：2012年9月15日 | NUF2: =[4]利润表!$P$2 -> 日 期：2012年9月15日 | NUV2: =[4]利润表!$P$2 -> 日 期：2012年9月15日 | NVL2: =[4]利润表!$P$2 -> 日 期：2012年9月15日 | NWB2: =[4]利润表!$P$2 -> 日 期：2012年9月15日 | NWR2: =[4]利润表!$P$2 -> 日 期：2012年9月15日 | NXH2: =[4]利润表!$P$2 -> 日 期：2012年9月15日 | NXX2: =[4]利润表!$P$2 -> 日 期：2012年9月15日 | NYN2: =[4]利润表!$P$2 -> 日 期：2012年9月15日 | NZD2: =[4]利润表!$P$2 -> 日 期：2012年9月15日 | NZT2: =[4]利润表!$P$2 -> 日 期：2012年9月15日 | OAJ2: =[4]利润表!$P$2 -> 日 期：2012年9月15日 | OAZ2: =[4]利润表!$P$2 -> 日 期：2012年9月15日 | OBP2: =[4]利润表!$P$2 -> 日 期：2012年9月15日 | OCF2: =[4]利润表!$P$2 -> 日 期：2012年9月15日 | OCV2: =[4]利润表!$P$2 -> 日 期：2012年9月15日 | ODL2: =[4]利润表!$P$2 -> 日 期：2012年9月15日 | OEB2: =[4]利润表!$P$2 -> 日 期：2012年9月15日 | OER2: =[4]利润表!$P$2 -> 日 期：2012年9月15日 | OFH2: =[4]利润表!$P$2 -> 日 期：2012年9月15日 | OFX2: =[4]利润表!$P$2 -> 日 期：2012年9月15日 | OGN2: =[4]利润表!$P$2 -> 日 期：2012年9月15日 | OHD2: =[4]利润表!$P$2 -> 日 期：2012年9月15日 | OHT2: =[4]利润表!$P$2 -> 日 期：2012年9月15日 | OIJ2: =[4]利润表!$P$2 -> 日 期：2012年9月15日 | OIZ2: =[4]利润表!$P$2 -> 日 期：2012年9月15日 | OJP2: =[4]利润表!$P$2 -> 日 期：2012年9月15日 | OKF2: =[4]利润表!$P$2 -> 日 期：2012年9月15日 | OKV2: =[4]利润表!$P$2 -> 日 期：2012年9月15日 | OLL2: =[4]利润表!$P$2 -> 日 期：2012年9月15日 | OMB2: =[4]利润表!$P$2 -> 日 期：2012年9月15日 | OMR2: =[4]利润表!$P$2 -> 日 期：2012年9月15日 | ONH2: =[4]利润表!$P$2 -> 日 期：2012年9月15日 | ONX2: =[4]利润表!$P$2 -> 日 期：2012年9月15日 | OON2: =[4]利润表!$P$2 -> 日 期：2012年9月15日 | OPD2: =[4]利润表!$P$2 -> 日 期：2012年9月15日 | OPT2: =[4]利润表!$P$2 -> 日 期：2012年9月15日 | OQJ2: =[4]利润表!$P$2 -> 日 期：2012年9月15日 | OQZ2: =[4]利润表!$P$2 -> 日 期：2012年9月15日 | ORP2: =[4]利润表!$P$2 -> 日 期：2012年9月15日 | OSF2: =[4]利润表!$P$2 -> 日 期：2012年9月15日 | OSV2: =[4]利润表!$P$2 -> 日 期：2012年9月15日 | OTL2: =[4]利润表!$P$2 -> 日 期：2012年9月15日 | OUB2: =[4]利润表!$P$2 -> 日 期：2012年9月15日 | OUR2: =[4]利润表!$P$2 -> 日 期：2012年9月15日 | OVH2: =[4]利润表!$P$2 -> 日 期：2012年9月15日 | OVX2: =[4]利润表!$P$2 -> 日 期：2012年9月15日 | OWN2: =[4]利润表!$P$2 -> 日 期：2012年9月15日 | OXD2: =[4]利润表!$P$2 -> 日 期：2012年9月15日 | OXT2: =[4]利润表!$P$2 -> 日 期：2012年9月15日 | OYJ2: =[4]利润表!$P$2 -> 日 期：2012年9月15日 | OYZ2: =[4]利润表!$P$2 -> 日 期：2012年9月15日 | OZP2: =[4]利润表!$P$2 -> 日 期：2012年9月15日 | PAF2: =[4]利润表!$P$2 -> 日 期：2012年9月15日 | PAV2: =[4]利润表!$P$2 -> 日 期：2012年9月15日 | PBL2: =[4]利润表!$P$2 -> 日 期：2012年9月15日 | PCB2: =[4]利润表!$P$2 -> 日 期：2012年9月15日 | PCR2: =[4]利润表!$P$2 -> 日 期：2012年9月15日 | PDH2: =[4]利润表!$P$2 -> 日 期：2012年9月15日 | PDX2: =[4]利润表!$P$2 -> 日 期：2012年9月15日 | PEN2: =[4]利润表!$P$2 -> 日 期：2012年9月15日 | PFD2: =[4]利润表!$P$2 -> 日 期：2012年9月15日 | PFT2: =[4]利润表!$P$2 -> 日 期：2012年9月15日 | PGJ2: =[4]利润表!$P$2 -> 日 期：2012年9月15日 | PGZ2: =[4]利润表!$P$2 -> 日 期：2012年9月15日 | PHP2: =[4]利润表!$P$2 -> 日 期：2012年9月15日 | PIF2: =[4]利润表!$P$2 -> 日 期：2012年9月15日 | PIV2: =[4]利润表!$P$2 -> 日 期：2012年9月15日 | PJL2: =[4]利润表!$P$2 -> 日 期：2012年9月15日 | PKB2: =[4]利润表!$P$2 -> 日 期：2012年9月15日 | PKR2: =[4]利润表!$P$2 -> 日 期：2012年9月15日 | PLH2: =[4]利润表!$P$2 -> 日 期：2012年9月15日 | PLX2: =[4]利润表!$P$2 -> 日 期：2012年9月15日 | PMN2: =[4]利润表!$P$2 -> 日 期：2012年9月15日 | PND2: =[4]利润表!$P$2 -> 日 期：2012年9月15日 | PNT2: =[4]利润表!$P$2 -> 日 期：2012年9月15日 | POJ2: =[4]利润表!$P$2 -> 日 期：2012年9月15日 | POZ2: =[4]利润表!$P$2 -> 日 期：2012年9月15日 | PPP2: =[4]利润表!$P$2 -> 日 期：2012年9月15日 | PQF2: =[4]利润表!$P$2 -> 日 期：2012年9月15日 | PQV2: =[4]利润表!$P$2 -> 日 期：2012年9月15日 | PRL2: =[4]利润表!$P$2 -> 日 期：2012年9月15日 | PSB2: =[4]利润表!$P$2 -> 日 期：2012年9月15日 | PSR2: =[4]利润表!$P$2 -> 日 期：2012年9月15日 | PTH2: =[4]利润表!$P$2 -> 日 期：2012年9月15日 | PTX2: =[4]利润表!$P$2 -> 日 期：2012年9月15日 | PUN2: =[4]利润表!$P$2 -> 日 期：2012年9月15日 | PVD2: =[4]利润表!$P$2 -> 日 期：2012年9月15日 | PVT2: =[4]利润表!$P$2 -> 日 期：2012年9月15日 | PWJ2: =[4]利润表!$P$2 -> 日 期：2012年9月15日 | PWZ2: =[4]利润表!$P$2 -> 日 期：2012年9月15日 | PXP2: =[4]利润表!$P$2 -> 日 期：2012年9月15日 | PYF2: =[4]利润表!$P$2 -> 日 期：2012年9月15日 | PYV2: =[4]利润表!$P$2 -> 日 期：2012年9月15日 | PZL2: =[4]利润表!$P$2 -> 日 期：2012年9月15日 | QAB2: =[4]利润表!$P$2 -> 日 期：2012年9月15日 | QAR2: =[4]利润表!$P$2 -> 日 期：2012年9月15日 | QBH2: =[4]利润表!$P$2 -> 日 期：2012年9月15日 | QBX2: =[4]利润表!$P$2 -> 日 期：2012年9月15日 | QCN2: =[4]利润表!$P$2 -> 日 期：2012年9月15日 | QDD2: =[4]利润表!$P$2 -> 日 期：2012年9月15日 | QDT2: =[4]利润表!$P$2 -> 日 期：2012年9月15日 | QEJ2: =[4]利润表!$P$2 -> 日 期：2012年9月15日 | QEZ2: =[4]利润表!$P$2 -> 日 期：2012年9月15日 | QFP2: =[4]利润表!$P$2 -> 日 期：2012年9月15日 | QGF2: =[4]利润表!$P$2 -> 日 期：2012年9月15日 | QGV2: =[4]利润表!$P$2 -> 日 期：2012年9月15日 | QHL2: =[4]利润表!$P$2 -> 日 期：2012年9月15日 | QIB2: =[4]利润表!$P$2 -> 日 期：2012年9月15日 | QIR2: =[4]利润表!$P$2 -> 日 期：2012年9月15日 | QJH2: =[4]利润表!$P$2 -> 日 期：2012年9月15日 | QJX2: =[4]利润表!$P$2 -> 日 期：2012年9月15日 | QKN2: =[4]利润表!$P$2 -> 日 期：2012年9月15日 | QLD2: =[4]利润表!$P$2 -> 日 期：2012年9月15日 | QLT2: =[4]利润表!$P$2 -> 日 期：2012年9月15日 | QMJ2: =[4]利润表!$P$2 -> 日 期：2012年9月15日 | QMZ2: =[4]利润表!$P$2 -> 日 期：2012年9月15日 | QNP2: =[4]利润表!$P$2 -> 日 期：2012年9月15日 | QOF2: =[4]利润表!$P$2 -> 日 期：2012年9月15日 | QOV2: =[4]利润表!$P$2 -> 日 期：2012年9月15日 | QPL2: =[4]利润表!$P$2 -> 日 期：2012年9月15日 | QQB2: =[4]利润表!$P$2 -> 日 期：2012年9月15日 | QQR2: =[4]利润表!$P$2 -> 日 期：2012年9月15日 | QRH2: =[4]利润表!$P$2 -> 日 期：2012年9月15日 | QRX2: =[4]利润表!$P$2 -> 日 期：2012年9月15日 | QSN2: =[4]利润表!$P$2 -> 日 期：2012年9月15日 | QTD2: =[4]利润表!$P$2 -> 日 期：2012年9月15日 | QTT2: =[4]利润表!$P$2 -> 日 期：2012年9月15日 | QUJ2: =[4]利润表!$P$2 -> 日 期：2012年9月15日 | QUZ2: =[4]利润表!$P$2 -> 日 期：2012年9月15日 | QVP2: =[4]利润表!$P$2 -> 日 期：2012年9月15日 | QWF2: =[4]利润表!$P$2 -> 日 期：2012年9月15日 | QWV2: =[4]利润表!$P$2 -> 日 期：2012年9月15日 | QXL2: =[4]利润表!$P$2 -> 日 期：2012年9月15日 | QYB2: =[4]利润表!$P$2 -> 日 期：2012年9月15日 | QYR2: =[4]利润表!$P$2 -> 日 期：2012年9月15日 | QZH2: =[4]利润表!$P$2 -> 日 期：2012年9月15日 | QZX2: =[4]利润表!$P$2 -> 日 期：2012年9月15日 | RAN2: =[4]利润表!$P$2 -> 日 期：2012年9月15日 | RBD2: =[4]利润表!$P$2 -> 日 期：2012年9月15日 | RBT2: =[4]利润表!$P$2 -> 日 期：2012年9月15日 | RCJ2: =[4]利润表!$P$2 -> 日 期：2012年9月15日 | RCZ2: =[4]利润表!$P$2 -> 日 期：2012年9月15日 | RDP2: =[4]利润表!$P$2 -> 日 期：2012年9月15日 | REF2: =[4]利润表!$P$2 -> 日 期：2012年9月15日 | REV2: =[4]利润表!$P$2 -> 日 期：2012年9月15日 | RFL2: =[4]利润表!$P$2 -> 日 期：2012年9月15日 | RGB2: =[4]利润表!$P$2 -> 日 期：2012年9月15日 | RGR2: =[4]利润表!$P$2 -> 日 期：2012年9月15日 | RHH2: =[4]利润表!$P$2 -> 日 期：2012年9月15日 | RHX2: =[4]利润表!$P$2 -> 日 期：2012年9月15日 | RIN2: =[4]利润表!$P$2 -> 日 期：2012年9月15日 | RJD2: =[4]利润表!$P$2 -> 日 期：2012年9月15日 | RJT2: =[4]利润表!$P$2 -> 日 期：2012年9月15日 | RKJ2: =[4]利润表!$P$2 -> 日 期：2012年9月15日 | RKZ2: =[4]利润表!$P$2 -> 日 期：2012年9月15日 | RLP2: =[4]利润表!$P$2 -> 日 期：2012年9月15日 | RMF2: =[4]利润表!$P$2 -> 日 期：2012年9月15日 | RMV2: =[4]利润表!$P$2 -> 日 期：2012年9月15日 | RNL2: =[4]利润表!$P$2 -> 日 期：2012年9月15日 | ROB2: =[4]利润表!$P$2 -> 日 期：2012年9月15日 | ROR2: =[4]利润表!$P$2 -> 日 期：2012年9月15日 | RPH2: =[4]利润表!$P$2 -> 日 期：2012年9月15日 | RPX2: =[4]利润表!$P$2 -> 日 期：2012年9月15日 | RQN2: =[4]利润表!$P$2 -> 日 期：2012年9月15日 | RRD2: =[4]利润表!$P$2 -> 日 期：2012年9月15日 | RRT2: =[4]利润表!$P$2 -> 日 期：2012年9月15日 | RSJ2: =[4]利润表!$P$2 -> 日 期：2012年9月15日 | RSZ2: =[4]利润表!$P$2 -> 日 期：2012年9月15日 | RTP2: =[4]利润表!$P$2 -> 日 期：2012年9月15日 | RUF2: =[4]利润表!$P$2 -> 日 期：2012年9月15日 | RUV2: =[4]利润表!$P$2 -> 日 期：2012年9月15日 | RVL2: =[4]利润表!$P$2 -> 日 期：2012年9月15日 | RWB2: =[4]利润表!$P$2 -> 日 期：2012年9月15日 | RWR2: =[4]利润表!$P$2 -> 日 期：2012年9月15日 | RXH2: =[4]利润表!$P$2 -> 日 期：2012年9月15日 | RXX2: =[4]利润表!$P$2 -> 日 期：2012年9月15日 | RYN2: =[4]利润表!$P$2 -> 日 期：2012年9月15日 | RZD2: =[4]利润表!$P$2 -> 日 期：2012年9月15日 | RZT2: =[4]利润表!$P$2 -> 日 期：2012年9月15日 | SAJ2: =[4]利润表!$P$2 -> 日 期：2012年9月15日 | SAZ2: =[4]利润表!$P$2 -> 日 期：2012年9月15日 | SBP2: =[4]利润表!$P$2 -> 日 期：2012年9月15日 | SCF2: =[4]利润表!$P$2 -> 日 期：2012年9月15日 | SCV2: =[4]利润表!$P$2 -> 日 期：2012年9月15日 | SDL2: =[4]利润表!$P$2 -> 日 期：2012年9月15日 | SEB2: =[4]利润表!$P$2 -> 日 期：2012年9月15日 | SER2: =[4]利润表!$P$2 -> 日 期：2012年9月15日 | SFH2: =[4]利润表!$P$2 -> 日 期：2012年9月15日 | SFX2: =[4]利润表!$P$2 -> 日 期：2012年9月15日 | SGN2: =[4]利润表!$P$2 -> 日 期：2012年9月15日 | SHD2: =[4]利润表!$P$2 -> 日 期：2012年9月15日 | SHT2: =[4]利润表!$P$2 -> 日 期：2012年9月15日 | SIJ2: =[4]利润表!$P$2 -> 日 期：2012年9月15日 | SIZ2: =[4]利润表!$P$2 -> 日 期：2012年9月15日 | SJP2: =[4]利润表!$P$2 -> 日 期：2012年9月15日 | SKF2: =[4]利润表!$P$2 -> 日 期：2012年9月15日 | SKV2: =[4]利润表!$P$2 -> 日 期：2012年9月15日 | SLL2: =[4]利润表!$P$2 -> 日 期：2012年9月15日 | SMB2: =[4]利润表!$P$2 -> 日 期：2012年9月15日 | SMR2: =[4]利润表!$P$2 -> 日 期：2012年9月15日 | SNH2: =[4]利润表!$P$2 -> 日 期：2012年9月15日 | SNX2: =[4]利润表!$P$2 -> 日 期：2012年9月15日 | SON2: =[4]利润表!$P$2 -> 日 期：2012年9月15日 | SPD2: =[4]利润表!$P$2 -> 日 期：2012年9月15日 | SPT2: =[4]利润表!$P$2 -> 日 期：2012年9月15日 | SQJ2: =[4]利润表!$P$2 -> 日 期：2012年9月15日 | SQZ2: =[4]利润表!$P$2 -> 日 期：2012年9月15日 | SRP2: =[4]利润表!$P$2 -> 日 期：2012年9月15日 | SSF2: =[4]利润表!$P$2 -> 日 期：2012年9月15日 | SSV2: =[4]利润表!$P$2 -> 日 期：2012年9月15日 | STL2: =[4]利润表!$P$2 -> 日 期：2012年9月15日 | SUB2: =[4]利润表!$P$2 -> 日 期：2012年9月15日 | SUR2: =[4]利润表!$P$2 -> 日 期：2012年9月15日 | SVH2: =[4]利润表!$P$2 -> 日 期：2012年9月15日 | SVX2: =[4]利润表!$P$2 -> 日 期：2012年9月15日 | SWN2: =[4]利润表!$P$2 -> 日 期：2012年9月15日 | SXD2: =[4]利润表!$P$2 -> 日 期：2012年9月15日 | SXT2: =[4]利润表!$P$2 -> 日 期：2012年9月15日 | SYJ2: =[4]利润表!$P$2 -> 日 期：2012年9月15日 | SYZ2: =[4]利润表!$P$2 -> 日 期：2012年9月15日 | SZP2: =[4]利润表!$P$2 -> 日 期：2012年9月15日 | TAF2: =[4]利润表!$P$2 -> 日 期：2012年9月15日 | TAV2: =[4]利润表!$P$2 -> 日 期：2012年9月15日 | TBL2: =[4]利润表!$P$2 -> 日 期：2012年9月15日 | TCB2: =[4]利润表!$P$2 -> 日 期：2012年9月15日 | TCR2: =[4]利润表!$P$2 -> 日 期：2012年9月15日 | TDH2: =[4]利润表!$P$2 -> 日 期：2012年9月15日 | TDX2: =[4]利润表!$P$2 -> 日 期：2012年9月15日 | TEN2: =[4]利润表!$P$2 -> 日 期：2012年9月15日 | TFD2: =[4]利润表!$P$2 -> 日 期：2012年9月15日 | TFT2: =[4]利润表!$P$2 -> 日 期：2012年9月15日 | TGJ2: =[4]利润表!$P$2 -> 日 期：2012年9月15日 | TGZ2: =[4]利润表!$P$2 -> 日 期：2012年9月15日 | THP2: =[4]利润表!$P$2 -> 日 期：2012年9月15日 | TIF2: =[4]利润表!$P$2 -> 日 期：2012年9月15日 | TIV2: =[4]利润表!$P$2 -> 日 期：2012年9月15日 | TJL2: =[4]利润表!$P$2 -> 日 期：2012年9月15日 | TKB2: =[4]利润表!$P$2 -> 日 期：2012年9月15日 | TKR2: =[4]利润表!$P$2 -> 日 期：2012年9月15日 | TLH2: =[4]利润表!$P$2 -> 日 期：2012年9月15日 | TLX2: =[4]利润表!$P$2 -> 日 期：2012年9月15日 | TMN2: =[4]利润表!$P$2 -> 日 期：2012年9月15日 | TND2: =[4]利润表!$P$2 -> 日 期：2012年9月15日 | TNT2: =[4]利润表!$P$2 -> 日 期：2012年9月15日 | TOJ2: =[4]利润表!$P$2 -> 日 期：2012年9月15日 | TOZ2: =[4]利润表!$P$2 -> 日 期：2012年9月15日 | TPP2: =[4]利润表!$P$2 -> 日 期：2012年9月15日 | TQF2: =[4]利润表!$P$2 -> 日 期：2012年9月15日 | TQV2: =[4]利润表!$P$2 -> 日 期：2012年9月15日 | TRL2: =[4]利润表!$P$2 -> 日 期：2012年9月15日 | TSB2: =[4]利润表!$P$2 -> 日 期：2012年9月15日 | TSR2: =[4]利润表!$P$2 -> 日 期：2012年9月15日 | TTH2: =[4]利润表!$P$2 -> 日 期：2012年9月15日 | TTX2: =[4]利润表!$P$2 -> 日 期：2012年9月15日 | TUN2: =[4]利润表!$P$2 -> 日 期：2012年9月15日 | TVD2: =[4]利润表!$P$2 -> 日 期：2012年9月15日 | TVT2: =[4]利润表!$P$2 -> 日 期：2012年9月15日 | TWJ2: =[4]利润表!$P$2 -> 日 期：2012年9月15日 | TWZ2: =[4]利润表!$P$2 -> 日 期：2012年9月15日 | TXP2: =[4]利润表!$P$2 -> 日 期：2012年9月15日 | TYF2: =[4]利润表!$P$2 -> 日 期：2012年9月15日 | TYV2: =[4]利润表!$P$2 -> 日 期：2012年9月15日 | TZL2: =[4]利润表!$P$2 -> 日 期：2012年9月15日 | UAB2: =[4]利润表!$P$2 -> 日 期：2012年9月15日 | UAR2: =[4]利润表!$P$2 -> 日 期：2012年9月15日 | UBH2: =[4]利润表!$P$2 -> 日 期：2012年9月15日 | UBX2: =[4]利润表!$P$2 -> 日 期：2012年9月15日 | UCN2: =[4]利润表!$P$2 -> 日 期：2012年9月15日 | UDD2: =[4]利润表!$P$2 -> 日 期：2012年9月15日 | UDT2: =[4]利润表!$P$2 -> 日 期：2012年9月15日 | UEJ2: =[4]利润表!$P$2 -> 日 期：2012年9月15日 | UEZ2: =[4]利润表!$P$2 -> 日 期：2012年9月15日 | UFP2: =[4]利润表!$P$2 -> 日 期：2012年9月15日 | UGF2: =[4]利润表!$P$2 -> 日 期：2012年9月15日 | UGV2: =[4]利润表!$P$2 -> 日 期：2012年9月15日 | UHL2: =[4]利润表!$P$2 -> 日 期：2012年9月15日 | UIB2: =[4]利润表!$P$2 -> 日 期：2012年9月15日 | UIR2: =[4]利润表!$P$2 -> 日 期：2012年9月15日 | UJH2: =[4]利润表!$P$2 -> 日 期：2012年9月15日 | UJX2: =[4]利润表!$P$2 -> 日 期：2012年9月15日 | UKN2: =[4]利润表!$P$2 -> 日 期：2012年9月15日 | ULD2: =[4]利润表!$P$2 -> 日 期：2012年9月15日 | ULT2: =[4]利润表!$P$2 -> 日 期：2012年9月15日 | UMJ2: =[4]利润表!$P$2 -> 日 期：2012年9月15日 | UMZ2: =[4]利润表!$P$2 -> 日 期：2012年9月15日 | UNP2: =[4]利润表!$P$2 -> 日 期：2012年9月15日 | UOF2: =[4]利润表!$P$2 -> 日 期：2012年9月15日 | UOV2: =[4]利润表!$P$2 -> 日 期：2012年9月15日 | UPL2: =[4]利润表!$P$2 -> 日 期：2012年9月15日 | UQB2: =[4]利润表!$P$2 -> 日 期：2012年9月15日 | UQR2: =[4]利润表!$P$2 -> 日 期：2012年9月15日 | URH2: =[4]利润表!$P$2 -> 日 期：2012年9月15日 | URX2: =[4]利润表!$P$2 -> 日 期：2012年9月15日 | USN2: =[4]利润表!$P$2 -> 日 期：2012年9月15日 | UTD2: =[4]利润表!$P$2 -> 日 期：2012年9月15日 | UTT2: =[4]利润表!$P$2 -> 日 期：2012年9月15日 | UUJ2: =[4]利润表!$P$2 -> 日 期：2012年9月15日 | UUZ2: =[4]利润表!$P$2 -> 日 期：2012年9月15日 | UVP2: =[4]利润表!$P$2 -> 日 期：2012年9月15日 | UWF2: =[4]利润表!$P$2 -> 日 期：2012年9月15日 | UWV2: =[4]利润表!$P$2 -> 日 期：2012年9月15日 | UXL2: =[4]利润表!$P$2 -> 日 期：2012年9月15日 | UYB2: =[4]利润表!$P$2 -> 日 期：2012年9月15日 | UYR2: =[4]利润表!$P$2 -> 日 期：2012年9月15日 | UZH2: =[4]利润表!$P$2 -> 日 期：2012年9月15日 | UZX2: =[4]利润表!$P$2 -> 日 期：2012年9月15日 | VAN2: =[4]利润表!$P$2 -> 日 期：2012年9月15日 | VBD2: =[4]利润表!$P$2 -> 日 期：2012年9月15日 | VBT2: =[4]利润表!$P$2 -> 日 期：2012年9月15日 | VCJ2: =[4]利润表!$P$2 -> 日 期：2012年9月15日 | VCZ2: =[4]利润表!$P$2 -> 日 期：2012年9月15日 | VDP2: =[4]利润表!$P$2 -> 日 期：2012年9月15日 | VEF2: =[4]利润表!$P$2 -> 日 期：2012年9月15日 | VEV2: =[4]利润表!$P$2 -> 日 期：2012年9月15日 | VFL2: =[4]利润表!$P$2 -> 日 期：2012年9月15日 | VGB2: =[4]利润表!$P$2 -> 日 期：2012年9月15日 | VGR2: =[4]利润表!$P$2 -> 日 期：2012年9月15日 | VHH2: =[4]利润表!$P$2 -> 日 期：2012年9月15日 | VHX2: =[4]利润表!$P$2 -> 日 期：2012年9月15日 | VIN2: =[4]利润表!$P$2 -> 日 期：2012年9月15日 | VJD2: =[4]利润表!$P$2 -> 日 期：2012年9月15日 | VJT2: =[4]利润表!$P$2 -> 日 期：2012年9月15日 | VKJ2: =[4]利润表!$P$2 -> 日 期：2012年9月15日 | VKZ2: =[4]利润表!$P$2 -> 日 期：2012年9月15日 | VLP2: =[4]利润表!$P$2 -> 日 期：2012年9月15日 | VMF2: =[4]利润表!$P$2 -> 日 期：2012年9月15日 | VMV2: =[4]利润表!$P$2 -> 日 期：2012年9月15日 | VNL2: =[4]利润表!$P$2 -> 日 期：2012年9月15日 | VOB2: =[4]利润表!$P$2 -> 日 期：2012年9月15日 | VOR2: =[4]利润表!$P$2 -> 日 期：2012年9月15日 | VPH2: =[4]利润表!$P$2 -> 日 期：2012年9月15日 | VPX2: =[4]利润表!$P$2 -> 日 期：2012年9月15日 | VQN2: =[4]利润表!$P$2 -> 日 期：2012年9月15日 | VRD2: =[4]利润表!$P$2 -> 日 期：2012年9月15日 | VRT2: =[4]利润表!$P$2 -> 日 期：2012年9月15日 | VSJ2: =[4]利润表!$P$2 -> 日 期：2012年9月15日 | VSZ2: =[4]利润表!$P$2 -> 日 期：2012年9月15日 | VTP2: =[4]利润表!$P$2 -> 日 期：2012年9月15日 | VUF2: =[4]利润表!$P$2 -> 日 期：2012年9月15日 | VUV2: =[4]利润表!$P$2 -> 日 期：2012年9月15日 | VVL2: =[4]利润表!$P$2 -> 日 期：2012年9月15日 | VWB2: =[4]利润表!$P$2 -> 日 期：2012年9月15日 | VWR2: =[4]利润表!$P$2 -> 日 期：2012年9月15日 | VXH2: =[4]利润表!$P$2 -> 日 期：2012年9月15日 | VXX2: =[4]利润表!$P$2 -> 日 期：2012年9月15日 | VYN2: =[4]利润表!$P$2 -> 日 期：2012年9月15日 | VZD2: =[4]利润表!$P$2 -> 日 期：2012年9月15日 | VZT2: =[4]利润表!$P$2 -> 日 期：2012年9月15日 | WAJ2: =[4]利润表!$P$2 -> 日 期：2012年9月15日 | WAZ2: =[4]利润表!$P$2 -> 日 期：2012年9月15日 | WBP2: =[4]利润表!$P$2 -> 日 期：2012年9月15日 | WCF2: =[4]利润表!$P$2 -> 日 期：2012年9月15日 | WCV2: =[4]利润表!$P$2 -> 日 期：2012年9月15日 | WDL2: =[4]利润表!$P$2 -> 日 期：2012年9月15日 | WEB2: =[4]利润表!$P$2 -> 日 期：2012年9月15日 | WER2: =[4]利润表!$P$2 -> 日 期：2012年9月15日 | WFH2: =[4]利润表!$P$2 -> 日 期：2012年9月15日 | WFX2: =[4]利润表!$P$2 -> 日 期：2012年9月15日 | WGN2: =[4]利润表!$P$2 -> 日 期：2012年9月15日 | WHD2: =[4]利润表!$P$2 -> 日 期：2012年9月15日 | WHT2: =[4]利润表!$P$2 -> 日 期：2012年9月15日 | WIJ2: =[4]利润表!$P$2 -> 日 期：2012年9月15日 | WIZ2: =[4]利润表!$P$2 -> 日 期：2012年9月15日 | WJP2: =[4]利润表!$P$2 -> 日 期：2012年9月15日 | WKF2: =[4]利润表!$P$2 -> 日 期：2012年9月15日 | WKV2: =[4]利润表!$P$2 -> 日 期：2012年9月15日 | WLL2: =[4]利润表!$P$2 -> 日 期：2012年9月15日 | WMB2: =[4]利润表!$P$2 -> 日 期：2012年9月15日 | WMR2: =[4]利润表!$P$2 -> 日 期：2012年9月15日 | WNH2: =[4]利润表!$P$2 -> 日 期：2012年9月15日 | WNX2: =[4]利润表!$P$2 -> 日 期：2012年9月15日 | WON2: =[4]利润表!$P$2 -> 日 期：2012年9月15日 | WPD2: =[4]利润表!$P$2 -> 日 期：2012年9月15日 | WPT2: =[4]利润表!$P$2 -> 日 期：2012年9月15日 | WQJ2: =[4]利润表!$P$2 -> 日 期：2012年9月15日 | WQZ2: =[4]利润表!$P$2 -> 日 期：2012年9月15日 | WRP2: =[4]利润表!$P$2 -> 日 期：2012年9月15日 | WSF2: =[4]利润表!$P$2 -> 日 期：2012年9月15日 | WSV2: =[4]利润表!$P$2 -> 日 期：2012年9月15日 | WTL2: =[4]利润表!$P$2 -> 日 期：2012年9月15日 | WUB2: =[4]利润表!$P$2 -> 日 期：2012年9月15日 | WUR2: =[4]利润表!$P$2 -> 日 期：2012年9月15日 | WVH2: =[4]利润表!$P$2 -> 日 期：2012年9月15日 | WVX2: =[4]利润表!$P$2 -> 日 期：2012年9月15日 | WWN2: =[4]利润表!$P$2 -> 日 期：2012年9月15日 | WXD2: =[4]利润表!$P$2 -> 日 期：2012年9月15日 | WXT2: =[4]利润表!$P$2 -> 日 期：2012年9月15日 | WYJ2: =[4]利润表!$P$2 -> 日 期：2012年9月15日 | WYZ2: =[4]利润表!$P$2 -> 日 期：2012年9月15日 | WZP2: =[4]利润表!$P$2 -> 日 期：2012年9月15日 | XAF2: =[4]利润表!$P$2 -> 日 期：2012年9月15日 | XAV2: =[4]利润表!$P$2 -> 日 期：2012年9月15日 | XBL2: =[4]利润表!$P$2 -> 日 期：2012年9月15日 | XCB2: =[4]利润表!$P$2 -> 日 期：2012年9月15日 | XCR2: =[4]利润表!$P$2 -> 日 期：2012年9月15日 | XDH2: =[4]利润表!$P$2 -> 日 期：2012年9月15日 | XDX2: =[4]利润表!$P$2 -> 日 期：2012年9月15日 | XEN2: =[4]利润表!$P$2 -> 日 期：2012年9月15日 | XFD2: =[4]利润表!$P$2 -> 日 期：2012年9月15日
A3: 项 目 | B3: 单位 | C3: 指标 | D3: =锅炉工段!D3 -> 2025年预算
D4: 1月 | E4: 2月 | F4: 3月 | G4: 4月 | H4: 5月 | I4: 6月 | J4: 7月 | K4: 8月 | L4: 9月 | M4: 10月 | N4: 11月 | O4: 12月 | P4: 合计
A5: 一、辅助材料消耗计划
A6: 1、污水 | Q6: 单耗
A7: 液碱(折百) | B7: KG | D7: =ROUND(D8*D$53,2) -> 21224.52 | E7: =ROUND(E8*E$53,2) -> 12395.16 | F7: =ROUND(F8*F$53,2) -> 13942.25 | G7: =ROUND(G8*G$53,2) -> 12794.76 | H7: =ROUND(H8*H$53,2) -> 19498.26 | I7: =ROUND(I8*I$53,2) -> 19669.34 | J7: =ROUND(J8*J$53,2) -> 19289.55 | K7: =ROUND(K8*K$53,2) -> 22749.84 | ... O7: =ROUND(O8*O$53,2) -> 19515.28 | P7: =SUM(D7:O7) -> 196198.86
A8: 单耗 | B8: KG/t | D8: 0.38 | E8: 0.36 | F8: 0.35 | G8: 0.36 | H8: 0.37 | I8: 0.34 | J8: 0.35 | K8: 0.36 | L8: 0.38 | M8: 0.36 | N8: 0.37 | O8: 0.38 | P8: =ROUND(IF(P$53=0,0,P7/P$53),3) -> 0.363 | Q8: 0.38
A9: 盐酸(折百) | B9: KG | D9: =ROUND(D10*D$53,2) -> 0 | E9: =ROUND(E10*E$53,2) -> 0 | F9: =ROUND(F10*F$53,2) -> 0 | G9: =ROUND(G10*G$53,2) -> 0 | H9: =ROUND(H10*H$53,2) -> 0 | I9: =ROUND(I10*I$53,2) -> 0 | J9: =ROUND(J10*J$53,2) -> 0 | K9: =ROUND(K10*K$53,2) -> 0 | ... O9: =ROUND(O10*O$53,2) -> 0 | P9: =SUM(D9:O9) -> 0
A10: 单耗 | B10: KG/t | D10: 0 | E10: 0 | F10: 0 | G10: 0 | H10: 0 | I10: 0 | J10: 0 | K10: 0 | L10: 0 | M10: 0 | N10: 0 | O10: 0 | P10: =ROUND(IF(P$53=0,0,P9/P$53),3) -> 0
A11: 聚丙烯酰胺 | B11: KG | C11: 阳离子 | D11: =ROUND(D12*D$53,2) -> 0 | E11: =ROUND(E12*E$53,2) -> 0 | F11: =ROUND(F12*F$53,2) -> 0 | G11: =ROUND(G12*G$53,2) -> 0 | H11: =ROUND(H12*H$53,2) -> 0 | I11: =ROUND(I12*I$53,2) -> 0 | J11: =ROUND(J12*J$53,2) -> 0 | K11: =ROUND(K12*K$53,2) -> 0 | ... O11: =ROUND(O12*O$53,2) -> 0 | P11: =SUM(D11:O11) -> 0
A12: 单耗 | B12: KG/t | D12: 0 | E12: 0 | F12: 0 | G12: 0 | H12: 0 | I12: 0 | J12: 0 | K12: 0 | L12: 0 | M12: 0 | N12: 0 | O12: 0 | P12: =ROUND(IF(P$53=0,0,P11/P$53),3) -> 0
A13: 氢氧化钠固体 | B13: KG | D13: =ROUND(D14*D$53,2) -> 0 | E13: =ROUND(E14*E$53,2) -> 0 | F13: =ROUND(F14*F$53,2) -> 0 | G13: =ROUND(G14*G$53,2) -> 0 | H13: =ROUND(H14*H$53,2) -> 0 | I13: =ROUND(I14*I$53,2) -> 0 | J13: =ROUND(J14*J$53,2) -> 0 | K13: =ROUND(K14*K$53,2) -> 0 | ... O13: =ROUND(O14*O$53,2) -> 0 | P13: =SUM(D13:O13) -> 0
A14: 单耗 | B14: KG/t | P14: =ROUND(IF(P$53=0,0,P13/P$53),3) -> 0
A15: 碳酸氢钠 | B15: KG | D15: =ROUND(D16*D$53,2) -> 1117.08 | E15: =ROUND(E16*E$53,2) -> 688.62 | F15: =ROUND(F16*F$53,2) -> 796.7 | G15: =ROUND(G16*G$53,2) -> 710.82 | H15: =ROUND(H16*H$53,2) -> 1053.96 | I15: =ROUND(I16*I$53,2) -> 1157.02 | J15: =ROUND(J16*J$53,2) -> 1102.26 | K15: =ROUND(K16*K$53,2) -> 1263.88 | ... O15: =ROUND(O16*O$53,2) -> 1027.12 | P15: =SUM(D15:O15) -> 10809.84
A16: 单耗 | B16: KG/t | D16: 0.02 | E16: 0.02 | F16: 0.02 | G16: 0.02 | H16: 0.02 | I16: 0.02 | J16: 0.02 | K16: 0.02 | L16: 0.02 | M16: 0.02 | N16: 0.02 | O16: 0.02 | P16: =ROUND(IF(P$53=0,0,P15/P$53),3) -> 0.02 | Q16: 0.02
A17: 聚合硫酸铁 | B17: KG | D17: =ROUND(D18*D$53,2) -> 51385.68 | E17: =ROUND(E18*E$53,2) -> 32020.83 | F17: =ROUND(F18*F$53,2) -> 35453.15 | G17: =ROUND(G18*G$53,2) -> 31276.08 | H17: =ROUND(H18*H$53,2) -> 45847.26 | I17: =ROUND(I18*I$53,2) -> 51487.39 | J17: =ROUND(J18*J$53,2) -> 49601.7 | K17: =ROUND(K18*K$53,2) -> 56874.6 | ... O17: =ROUND(O18*O$53,2) -> 48274.64 | P17: =SUM(D17:O17) -> 487903.67
A18: 单耗 | B18: KG/t | D18: 0.92 | E18: 0.93 | F18: 0.89 | G18: 0.88 | H18: 0.87 | I18: 0.89 | J18: 0.9 | K18: 0.9 | L18: 0.9 | M18: 0.9 | N18: 0.92 | O18: 0.94 | P18: =ROUND(IF(P$53=0,0,P17/P$53),3) -> 0.903 | Q18: 1
A19: 2、脱盐水
A20: 阻垢剂 | B20: KG | P20: =SUM(D20:O20) -> 0
A21: 杀菌剂 | B21: KG | P21: =SUM(D21:O21) -> 0
A22: 3、循环水 | C22: 型号
A23: 氧化杀菌剂 | B23: KG | C23: 901 | P23: =SUM(D23:O23) -> 0
A24: 缓蚀阻垢剂 | B24: KG | C24: 11-615 | P24: =SUM(D24:O24) -> 0
A25: 阻垢缓蚀剂 | B25: KG | C25: 3515 | P25: =SUM(D25:O25) -> 0
A26: 非氧化杀菌剂 | B26: KG | C26: 5910 | P26: =SUM(D26:O26) -> 0
A27: 剥离分散剂 | B27: KG | C27: 739 | P27: =SUM(D27:O27) -> 0
A28: 4、除磷药剂
A29: 聚丙烯酰胺 | B29: KG | C29: 阴离子 | D29: 395.65 | E29: 229.27 | F29: 227.34 | G29: 315.38 | H29: 367.34 | I29: 405.41 | J29: 394.76 | K29: 434.87 | L29: 327.37 | M29: 236.8 | N29: 213.23 | O29: 396.84 | P29: =SUM(D29:O29) -> 3944.26
A30: 除磷剂 | B30: KG | D30: 65941.2 | E30: 38210.95 | F30: 37890.13 | G30: 52562.97 | H30: 58161.68 | I30: 64189.47 | J30: 62503.24 | K30: 68854.4 | L30: 51832.98 | M30: 37494.06 | N30: 39091.83 | O30: 72754.53 | P30: =SUM(D30:O30) -> 649487.44 | Q30: 1.05
A31: 二、能源消耗
A32: 污水用水 | B32: 万kw.h | D32: =ROUND(D33*D$53,0) -> 559 | E32: =ROUND(E33*E$53,0) -> 310 | F32: =ROUND(F33*F$53,0) -> 398 | G32: =ROUND(G33*G$53,0) -> 355 | H32: =ROUND(H33*H$53,0) -> 527 | I32: =ROUND(I33*I$53,0) -> 579 | J32: =ROUND(J33*J$53,0) -> 551 | K32: =ROUND(K33*K$53,0) -> 632 | ... O32: =ROUND(O33*O$53,0) -> 514 | P32: =SUM(D32:O32) -> 5371
A33: 单耗 | B33: kw.h/t | D33: 0.01 | E33: 0.009 | F33: 0.01 | G33: 0.01 | H33: 0.01 | I33: 0.01 | J33: 0.01 | K33: 0.01 | L33: 0.01 | M33: 0.01 | N33: 0.01 | O33: 0.01 | P33: =ROUND(IF(P$53=0,0,P32/P$53),3) -> 0.01 | Q33: 0.01
A34: 污水用电 | B34: 万kw.h | D34: =ROUND(D35*D$53,0)/10000 -> 7.8196 | E34: =ROUND(E35*E$53,0)/10000 -> 4.8203 | F34: =ROUND(F35*F$53,0)/10000 -> 5.5769 | G34: =ROUND(G35*G$53,0)/10000 -> 4.9757 | H34: =ROUND(H35*H$53,0)/10000 -> 7.3777 | I34: =ROUND(I35*I$53,0)/10000 -> 8.0991 | J34: =ROUND(J35*J$53,0)/10000 -> 7.7158 | K34: =ROUND(K35*K$53,0)/10000 -> 8.8472 | ... O34: =ROUND(O35*O$53,0)/10000 -> 7.1898 | P34: =SUM(D34:O34) -> 75.6688
A35: 单耗 | B35: kw.h/t | D35: 1.4 | E35: 1.4 | F35: 1.4 | G35: 1.4 | H35: 1.4 | I35: 1.4 | J35: 1.4 | K35: 1.4 | L35: 1.4 | M35: 1.4 | N35: 1.4 | O35: 1.4 | P35: =ROUND(IF(P$53=0,0,P34*10000/P$53),3) -> 1.4 | Q35: 1.4
A36: 污水用汽 | B36: m3 | D36: =ROUND(D37*D$53,0) -> 0 | E36: =ROUND(E37*E$53,0) -> 0 | F36: =ROUND(F37*F$53,0) -> 0 | G36: =ROUND(G37*G$53,0) -> 0 | H36: =ROUND(H37*H$53,0) -> 0 | I36: =ROUND(I37*I$53,0) -> 0 | J36: =ROUND(J37*J$53,0) -> 0 | K36: =ROUND(K37*K$53,0) -> 0 | ... O36: =ROUND(O37*O$53,0) -> 0 | P36: =SUM(D36:O36) -> 0
A37: 单耗 | B37: m3/t | D37: 0 | E37: 0 | F37: 0 | G37: 0 | H37: 0 | I37: 0 | J37: 0 | K37: 0 | L37: 0 | M37: 0 | N37: 0 | O37: 0 | P37: =ROUND(IF(P$53=0,0,P36/P$53),3) -> 0
A38: 循环水用水 | B38: t | D38: =ROUND(D39*[5]果糖!D8,0) -> 0 | E38: =ROUND(E39*[5]果糖!E8,2) -> 0 | F38: =ROUND(F39*[5]果糖!F8,2) -> 0 | G38: =ROUND(G39*[5]果糖!G8,2) -> 0 | H38: =ROUND(H39*[5]果糖!H8,2) -> 0 | I38: =ROUND(I39*[5]果糖!I8,2) -> 0 | J38: =ROUND(J39*[5]果糖!J8,2) -> 0 | K38: =ROUND(K39*[5]果糖!K8,2) -> 0 | L38: =ROUND(L39*[5]果糖!L8,2) -> 0 | ... O38: =ROUND(O39*[5]果糖!O8,2) -> 0 | P38: =SUM(D38:O38) -> 0
A39: 单耗 | B39: t/d | D39: 0 | E39: 0 | F39: 0 | G39: 0 | H39: 0 | I39: 0 | J39: 0 | K39: 0 | L39: 0 | M39: 0 | N39: 0 | O39: 0 | P39: =ROUND(IF(P$53=0,0,P38/P$53),3) -> 0
A40: 循环水用电 | B40: 万kw.h | D40: =ROUND(D41*[5]果糖!D8,0)/10000 -> 0 | E40: =ROUND(E41*[5]果糖!E8,2)/10000 -> 0 | F40: =ROUND(F41*[5]果糖!F8,2)/10000 -> 0 | G40: =ROUND(G41*[5]果糖!G8,2)/10000 -> 0 | H40: =ROUND(H41*[5]果糖!H8,2)/10000 -> 0 | I40: =ROUND(I41*[5]果糖!I8,2)/10000 -> 0 | J40: =ROUND(J41*[5]果糖!J8,2)/10000 -> 0 | K40: =ROUND(K41*[5]果糖!K8,2)/10000 -> 0 | L40: =ROUND(L41*[5]果糖!L8,2)/10000 -> 0 | ... O40: =ROUND(O41*[5]果糖!O8,2)/10000 -> 0 | P40: =SUM(D40:O40) -> 0
A41: 单耗 | B41: kw.h/d | D41: 0 | E41: 0 | F41: 0 | G41: 0 | H41: 0 | I41: 0 | J41: 0 | K41: 0 | L41: 0 | M41: 0 | N41: 0 | O41: 0 | P41: =ROUND(IF(P$55=0,0,P40/P$55),3) -> 0
A42: 脱盐水耗新鲜水 | B42: t | D42: =ROUND((D$55+D$56)/0.75,0) -> 0 | E42: =ROUND((E$55+E$56)/0.75,0) -> 0 | F42: =ROUND((F$55+F$56)/0.75,0) -> 0 | G42: =ROUND((G$55+G$56)/0.75,0) -> 0 | H42: =ROUND((H$55+H$56)/0.75,0) -> 0 | I42: =ROUND((I$55+I$56)/0.75,0) -> 0 | J42: =ROUND((J$55+J$56)/0.75,0) -> 0 | K42: =ROUND((K$55+K$56)/0.75,0) -> 0 | ... O42: =ROUND((O$55+O$56)/0.75,0) -> 0 | P42: =SUM(D42:O42) -> 0
A43: 单耗 | B43: t/t | D43: =IF(D56=0,0,D42/D56) -> 0 | E43: =IF(E56=0,0,E42/E56) -> 0 | F43: =IF(F56=0,0,F42/F56) -> 0 | G43: =IF(G56=0,0,G42/G56) -> 0 | H43: =IF(H56=0,0,H42/H56) -> 0 | I43: =IF(I56=0,0,I42/I56) -> 0 | J43: =IF(J56=0,0,J42/J56) -> 0 | K43: =IF(K56=0,0,K42/K56) -> 0 | ... O43: =IF(O56=0,0,O42/O56) -> 0 | P43: =ROUND(IF(P$56=0,0,P42/P$56),3) -> 0
A44: 三、沼气掺烧
A45: 沼气产量 | B45: m3 | C45: 0.81 | D45: =ROUND(D49*$C$45,0) -> 40311 | E45: =ROUND(E49*$C$45,0) -> 22634 | F45: =ROUND(F49*$C$45,0) -> 28949 | G45: =ROUND(G49*$C$45,0) -> 21938 | H45: =ROUND(H49*$C$45,0) -> 37768 | I45: =ROUND(I49*$C$45,0) -> 38221 | J45: =ROUND(J49*$C$45,0) -> 38775 | K45: =ROUND(K49*$C$45,0) -> 38497 | ... O45: =ROUND(O49*$C$45,0) -> 33707 | P45: =SUM(D45:O45) -> 362069
A46: 沼气掺烧 | B46: m3 | D46: =D45-D47 -> 40311 | E46: =E45-E47 -> 22634 | F46: =F45-F47 -> 28949 | G46: =G45-G47 -> 21938 | H46: =H45-H47 -> 37768 | I46: =I45-I47 -> 38221 | J46: =J45-J47 -> 38775 | K46: =K45-K47 -> 38497 | ... O46: =O45-O47 -> 33707 | P46: =SUM(D46:O46) -> 362069
A47: 其他用沼气 | B47: m3 | P47: =SUM(D47:O47) -> 0
A48: 四、污水排放
A49: 果糖排水 | B49: m3 | D49: =果糖!D64 -> 49767 | E49: =果糖!E64 -> 27943 | F49: =果糖!F64 -> 35739 | G49: =果糖!G64 -> 27084 | H49: =果糖!H64 -> 46627 | I49: =果糖!I64 -> 47186 | J49: =果糖!J64 -> 47870 | K49: =果糖!K64 -> 47527 | ... O49: =果糖!O64 -> 41614 | P49: =SUM(D49:O49) -> 446997
A50: 葡萄糖排水 | B50: m3 | D50: =葡萄糖!D50 -> 630 | E50: =葡萄糖!E50 -> 486 | F50: =葡萄糖!F50 -> 834 | G50: =葡萄糖!G50 -> 1266 | H50: =葡萄糖!H50 -> 846 | I50: =葡萄糖!I50 -> 792 | J50: =葡萄糖!J50 -> 1512 | K50: =葡萄糖!K50 -> 1512 | ... O50: =葡萄糖!O50 -> 1086 | P50: =SUM(D50:O50) -> 12768
A51: 麦芽糖排水 | B51: m3 | D51: =麦芽糖!D56 -> 4357 | E51: =麦芽糖!E56 -> 4902 | F51: =麦芽糖!F56 -> 2162 | G51: =麦芽糖!G56 -> 6091 | H51: =麦芽糖!H56 -> 4125 | I51: =麦芽糖!I56 -> 8773 | J51: =麦芽糖!J56 -> 4631 | K51: =麦芽糖!K56 -> 13055 | ... O51: =麦芽糖!O56 -> 7556 | P51: =SUM(D51:O51) -> 67527
A52: 其他排水 | B52: m3 | D52: 1100 | E52: 1100 | F52: 1100 | G52: 1100 | H52: 1100 | I52: 1100 | J52: 1100 | K52: 1100 | L52: 1100 | M52: 1100 | N52: 1100 | O52: 1100 | P52: =SUM(D52:O52) -> 13200
A53: 总排水量 | B53: m3 | D53: =SUM(D49:D52) -> 55854 | E53: =SUM(E49:E52) -> 34431 | F53: =SUM(F49:F52) -> 39835 | G53: =SUM(G49:G52) -> 35541 | H53: =SUM(H49:H52) -> 52698 | I53: =SUM(I49:I52) -> 57851 | J53: =SUM(J49:J52) -> 55113 | K53: =SUM(K49:K52) -> 63194 | ... P53: =SUM(P49:P52) -> 540492
A54: 五、脱盐水
A55: 脱盐水产量 | B55: t | P55: =SUM(D55:O55) -> 0
A56: 车间向锅炉供脱盐水量 | B56: t | C56: 0.75 | D56: =锅炉工段!D26 -> 0 | E56: =锅炉工段!E26 -> 0 | F56: =锅炉工段!F26 -> 0 | G56: =锅炉工段!G26 -> 0 | H56: =锅炉工段!H26 -> 0 | I56: =锅炉工段!I26 -> 0 | J56: =锅炉工段!J26 -> 0 | K56: =锅炉工段!K26 -> 0 | ... O56: =锅炉工段!O26 -> 0 | P56: =SUM(D56:O56) -> 0
A57: 备注
A58: 主管副总： | H58: 部门经理： | N58: 编制：
A59: 注：表格中绿色部分为自动计算，原则上不允许修改，如需修改请及时与财务部预算处相关预算员沟通。
A61: 生产运行天数 | B61: d | D61: =果糖!D8 -> 27.083333 | E61: =果糖!E8 -> 16.958333 | F61: =果糖!F8 -> 26.833333 | G61: =果糖!G8 -> 22.5 | H61: =果糖!H8 -> 31 | I61: =果糖!I8 -> 30 | J61: =果糖!J8 -> 31 | K61: =果糖!K8 -> 31 | ... P61: =果糖!P8 -> 317.875

Sheet 能源消耗
A1: 能源消耗计划(2025年) | AG1: 锅炉工段生产计划 | AW1: 锅炉工段生产计划 | BM1: 锅炉工段生产计划 | CC1: 锅炉工段生产计划 | CS1: 锅炉工段生产计划 | DI1: 锅炉工段生产计划 | DY1: 锅炉工段生产计划 | EO1: 锅炉工段生产计划 | FE1: 锅炉工段生产计划 | FU1: 锅炉工段生产计划 | GK1: 锅炉工段生产计划 | HA1: 锅炉工段生产计划 | HQ1: 锅炉工段生产计划 | IG1: 锅炉工段生产计划 | IW1: 锅炉工段生产计划 | JM1: 锅炉工段生产计划 | KC1: 锅炉工段生产计划 | KS1: 锅炉工段生产计划 | LI1: 锅炉工段生产计划 | LY1: 锅炉工段生产计划 | MO1: 锅炉工段生产计划 | NE1: 锅炉工段生产计划 | NU1: 锅炉工段生产计划 | OK1: 锅炉工段生产计划 | PA1: 锅炉工段生产计划 | PQ1: 锅炉工段生产计划 | QG1: 锅炉工段生产计划 | QW1: 锅炉工段生产计划 | RM1: 锅炉工段生产计划 | SC1: 锅炉工段生产计划 | SS1: 锅炉工段生产计划 | TI1: 锅炉工段生产计划 | TY1: 锅炉工段生产计划 | UO1: 锅炉工段生产计划 | VE1: 锅炉工段生产计划 | VU1: 锅炉工段生产计划 | WK1: 锅炉工段生产计划 | XA1: 锅炉工段生产计划 | XQ1: 锅炉工段生产计划 | YG1: 锅炉工段生产计划 | YW1: 锅炉工段生产计划 | ZM1: 锅炉工段生产计划 | AAC1: 锅炉工段生产计划 | AAS1: 锅炉工段生产计划 | ABI1: 锅炉工段生产计划 | ABY1: 锅炉工段生产计划 | ACO1: 锅炉工段生产计划 | ADE1: 锅炉工段生产计划 | ADU1: 锅炉工段生产计划 | AEK1: 锅炉工段生产计划 | AFA1: 锅炉工段生产计划 | AFQ1: 锅炉工段生产计划 | AGG1: 锅炉工段生产计划 | AGW1: 锅炉工段生产计划 | AHM1: 锅炉工段生产计划 | AIC1: 锅炉工段生产计划 | AIS1: 锅炉工段生产计划 | AJI1: 锅炉工段生产计划 | AJY1: 锅炉工段生产计划 | AKO1: 锅炉工段生产计划 | ALE1: 锅炉工段生产计划 | ALU1: 锅炉工段生产计划 | AMK1: 锅炉工段生产计划 | ANA1: 锅炉工段生产计划 | ANQ1: 锅炉工段生产计划 | AOG1: 锅炉工段生产计划 | AOW1: 锅炉工段生产计划 | APM1: 锅炉工段生产计划 | AQC1: 锅炉工段生产计划 | AQS1: 锅炉工段生产计划 | ARI1: 锅炉工段生产计划 | ARY1: 锅炉工段生产计划 | ASO1: 锅炉工段生产计划 | ATE1: 锅炉工段生产计划 | ATU1: 锅炉工段生产计划 | AUK1: 锅炉工段生产计划 | AVA1: 锅炉工段生产计划 | AVQ1: 锅炉工段生产计划 | AWG1: 锅炉工段生产计划 | AWW1: 锅炉工段生产计划 | AXM1: 锅炉工段生产计划 | AYC1: 锅炉工段生产计划 | AYS1: 锅炉工段生产计划 | AZI1: 锅炉工段生产计划 | AZY1: 锅炉工段生产计划 | BAO1: 锅炉工段生产计划 | BBE1: 锅炉工段生产计划 | BBU1: 锅炉工段生产计划 | BCK1: 锅炉工段生产计划 | BDA1: 锅炉工段生产计划 | BDQ1: 锅炉工段生产计划 | BEG1: 锅炉工段生产计划 | BEW1: 锅炉工段生产计划 | BFM1: 锅炉工段生产计划 | BGC1: 锅炉工段生产计划 | BGS1: 锅炉工段生产计划 | BHI1: 锅炉工段生产计划 | BHY1: 锅炉工段生产计划 | BIO1: 锅炉工段生产计划 | BJE1: 锅炉工段生产计划 | BJU1: 锅炉工段生产计划 | BKK1: 锅炉工段生产计划 | BLA1: 锅炉工段生产计划 | BLQ1: 锅炉工段生产计划 | BMG1: 锅炉工段生产计划 | BMW1: 锅炉工段生产计划 | BNM1: 锅炉工段生产计划 | BOC1: 锅炉工段生产计划 | BOS1: 锅炉工段生产计划 | BPI1: 锅炉工段生产计划 | BPY1: 锅炉工段生产计划 | BQO1: 锅炉工段生产计划 | BRE1: 锅炉工段生产计划 | BRU1: 锅炉工段生产计划 | BSK1: 锅炉工段生产计划 | BTA1: 锅炉工段生产计划 | BTQ1: 锅炉工段生产计划 | BUG1: 锅炉工段生产计划 | BUW1: 锅炉工段生产计划 | BVM1: 锅炉工段生产计划 | BWC1: 锅炉工段生产计划 | BWS1: 锅炉工段生产计划 | BXI1: 锅炉工段生产计划 | BXY1: 锅炉工段生产计划 | BYO1: 锅炉工段生产计划 | BZE1: 锅炉工段生产计划 | BZU1: 锅炉工段生产计划 | CAK1: 锅炉工段生产计划 | CBA1: 锅炉工段生产计划 | CBQ1: 锅炉工段生产计划 | CCG1: 锅炉工段生产计划 | CCW1: 锅炉工段生产计划 | CDM1: 锅炉工段生产计划 | CEC1: 锅炉工段生产计划 | CES1: 锅炉工段生产计划 | CFI1: 锅炉工段生产计划 | CFY1: 锅炉工段生产计划 | CGO1: 锅炉工段生产计划 | CHE1: 锅炉工段生产计划 | CHU1: 锅炉工段生产计划 | CIK1: 锅炉工段生产计划 | CJA1: 锅炉工段生产计划 | CJQ1: 锅炉工段生产计划 | CKG1: 锅炉工段生产计划 | CKW1: 锅炉工段生产计划 | CLM1: 锅炉工段生产计划 | CMC1: 锅炉工段生产计划 | CMS1: 锅炉工段生产计划 | CNI1: 锅炉工段生产计划 | CNY1: 锅炉工段生产计划 | COO1: 锅炉工段生产计划 | CPE1: 锅炉工段生产计划 | CPU1: 锅炉工段生产计划 | CQK1: 锅炉工段生产计划 | CRA1: 锅炉工段生产计划 | CRQ1: 锅炉工段生产计划 | CSG1: 锅炉工段生产计划 | CSW1: 锅炉工段生产计划 | CTM1: 锅炉工段生产计划 | CUC1: 锅炉工段生产计划 | CUS1: 锅炉工段生产计划 | CVI1: 锅炉工段生产计划 | CVY1: 锅炉工段生产计划 | CWO1: 锅炉工段生产计划 | CXE1: 锅炉工段生产计划 | CXU1: 锅炉工段生产计划 | CYK1: 锅炉工段生产计划 | CZA1: 锅炉工段生产计划 | CZQ1: 锅炉工段生产计划 | DAG1: 锅炉工段生产计划 | DAW1: 锅炉工段生产计划 | DBM1: 锅炉工段生产计划 | DCC1: 锅炉工段生产计划 | DCS1: 锅炉工段生产计划 | DDI1: 锅炉工段生产计划 | DDY1: 锅炉工段生产计划 | DEO1: 锅炉工段生产计划 | DFE1: 锅炉工段生产计划 | DFU1: 锅炉工段生产计划 | DGK1: 锅炉工段生产计划 | DHA1: 锅炉工段生产计划 | DHQ1: 锅炉工段生产计划 | DIG1: 锅炉工段生产计划 | DIW1: 锅炉工段生产计划 | DJM1: 锅炉工段生产计划 | DKC1: 锅炉工段生产计划 | DKS1: 锅炉工段生产计划 | DLI1: 锅炉工段生产计划 | DLY1: 锅炉工段生产计划 | DMO1: 锅炉工段生产计划 | DNE1: 锅炉工段生产计划 | DNU1: 锅炉工段生产计划 | DOK1: 锅炉工段生产计划 | DPA1: 锅炉工段生产计划 | DPQ1: 锅炉工段生产计划 | DQG1: 锅炉工段生产计划 | DQW1: 锅炉工段生产计划 | DRM1: 锅炉工段生产计划 | DSC1: 锅炉工段生产计划 | DSS1: 锅炉工段生产计划 | DTI1: 锅炉工段生产计划 | DTY1: 锅炉工段生产计划 | DUO1: 锅炉工段生产计划 | DVE1: 锅炉工段生产计划 | DVU1: 锅炉工段生产计划 | DWK1: 锅炉工段生产计划 | DXA1: 锅炉工段生产计划 | DXQ1: 锅炉工段生产计划 | DYG1: 锅炉工段生产计划 | DYW1: 锅炉工段生产计划 | DZM1: 锅炉工段生产计划 | EAC1: 锅炉工段生产计划 | EAS1: 锅炉工段生产计划 | EBI1: 锅炉工段生产计划 | EBY1: 锅炉工段生产计划 | ECO1: 锅炉工段生产计划 | EDE1: 锅炉工段生产计划 | EDU1: 锅炉工段生产计划 | EEK1: 锅炉工段生产计划 | EFA1: 锅炉工段生产计划 | EFQ1: 锅炉工段生产计划 | EGG1: 锅炉工段生产计划 | EGW1: 锅炉工段生产计划 | EHM1: 锅炉工段生产计划 | EIC1: 锅炉工段生产计划 | EIS1: 锅炉工段生产计划 | EJI1: 锅炉工段生产计划 | EJY1: 锅炉工段生产计划 | EKO1: 锅炉工段生产计划 | ELE1: 锅炉工段生产计划 | ELU1: 锅炉工段生产计划 | EMK1: 锅炉工段生产计划 | ENA1: 锅炉工段生产计划 | ENQ1: 锅炉工段生产计划 | EOG1: 锅炉工段生产计划 | EOW1: 锅炉工段生产计划 | EPM1: 锅炉工段生产计划 | EQC1: 锅炉工段生产计划 | EQS1: 锅炉工段生产计划 | ERI1: 锅炉工段生产计划 | ERY1: 锅炉工段生产计划 | ESO1: 锅炉工段生产计划 | ETE1: 锅炉工段生产计划 | ETU1: 锅炉工段生产计划 | EUK1: 锅炉工段生产计划 | EVA1: 锅炉工段生产计划 | EVQ1: 锅炉工段生产计划 | EWG1: 锅炉工段生产计划 | EWW1: 锅炉工段生产计划 | EXM1: 锅炉工段生产计划 | EYC1: 锅炉工段生产计划 | EYS1: 锅炉工段生产计划 | EZI1: 锅炉工段生产计划 | EZY1: 锅炉工段生产计划 | FAO1: 锅炉工段生产计划 | FBE1: 锅炉工段生产计划 | FBU1: 锅炉工段生产计划 | FCK1: 锅炉工段生产计划 | FDA1: 锅炉工段生产计划 | FDQ1: 锅炉工段生产计划 | FEG1: 锅炉工段生产计划 | FEW1: 锅炉工段生产计划 | FFM1: 锅炉工段生产计划 | FGC1: 锅炉工段生产计划 | FGS1: 锅炉工段生产计划 | FHI1: 锅炉工段生产计划 | FHY1: 锅炉工段生产计划 | FIO1: 锅炉工段生产计划 | FJE1: 锅炉工段生产计划 | FJU1: 锅炉工段生产计划 | FKK1: 锅炉工段生产计划 | FLA1: 锅炉工段生产计划 | FLQ1: 锅炉工段生产计划 | FMG1: 锅炉工段生产计划 | FMW1: 锅炉工段生产计划 | FNM1: 锅炉工段生产计划 | FOC1: 锅炉工段生产计划 | FOS1: 锅炉工段生产计划 | FPI1: 锅炉工段生产计划 | FPY1: 锅炉工段生产计划 | FQO1: 锅炉工段生产计划 | FRE1: 锅炉工段生产计划 | FRU1: 锅炉工段生产计划 | FSK1: 锅炉工段生产计划 | FTA1: 锅炉工段生产计划 | FTQ1: 锅炉工段生产计划 | FUG1: 锅炉工段生产计划 | FUW1: 锅炉工段生产计划 | FVM1: 锅炉工段生产计划 | FWC1: 锅炉工段生产计划 | FWS1: 锅炉工段生产计划 | FXI1: 锅炉工段生产计划 | FXY1: 锅炉工段生产计划 | FYO1: 锅炉工段生产计划 | FZE1: 锅炉工段生产计划 | FZU1: 锅炉工段生产计划 | GAK1: 锅炉工段生产计划 | GBA1: 锅炉工段生产计划 | GBQ1: 锅炉工段生产计划 | GCG1: 锅炉工段生产计划 | GCW1: 锅炉工段生产计划 | GDM1: 锅炉工段生产计划 | GEC1: 锅炉工段生产计划 | GES1: 锅炉工段生产计划 | GFI1: 锅炉工段生产计划 | GFY1: 锅炉工段生产计划 | GGO1: 锅炉工段生产计划 | GHE1: 锅炉工段生产计划 | GHU1: 锅炉工段生产计划 | GIK1: 锅炉工段生产计划 | GJA1: 锅炉工段生产计划 | GJQ1: 锅炉工段生产计划 | GKG1: 锅炉工段生产计划 | GKW1: 锅炉工段生产计划 | GLM1: 锅炉工段生产计划 | GMC1: 锅炉工段生产计划 | GMS1: 锅炉工段生产计划 | GNI1: 锅炉工段生产计划 | GNY1: 锅炉工段生产计划 | GOO1: 锅炉工段生产计划 | GPE1: 锅炉工段生产计划 | GPU1: 锅炉工段生产计划 | GQK1: 锅炉工段生产计划 | GRA1: 锅炉工段生产计划 | GRQ1: 锅炉工段生产计划 | GSG1: 锅炉工段生产计划 | GSW1: 锅炉工段生产计划 | GTM1: 锅炉工段生产计划 | GUC1: 锅炉工段生产计划 | GUS1: 锅炉工段生产计划 | GVI1: 锅炉工段生产计划 | GVY1: 锅炉工段生产计划 | GWO1: 锅炉工段生产计划 | GXE1: 锅炉工段生产计划 | GXU1: 锅炉工段生产计划 | GYK1: 锅炉工段生产计划 | GZA1: 锅炉工段生产计划 | GZQ1: 锅炉工段生产计划 | HAG1: 锅炉工段生产计划 | HAW1: 锅炉工段生产计划 | HBM1: 锅炉工段生产计划 | HCC1: 锅炉工段生产计划 | HCS1: 锅炉工段生产计划 | HDI1: 锅炉工段生产计划 | HDY1: 锅炉工段生产计划 | HEO1: 锅炉工段生产计划 | HFE1: 锅炉工段生产计划 | HFU1: 锅炉工段生产计划 | HGK1: 锅炉工段生产计划 | HHA1: 锅炉工段生产计划 | HHQ1: 锅炉工段生产计划 | HIG1: 锅炉工段生产计划 | HIW1: 锅炉工段生产计划 | HJM1: 锅炉工段生产计划 | HKC1: 锅炉工段生产计划 | HKS1: 锅炉工段生产计划 | HLI1: 锅炉工段生产计划 | HLY1: 锅炉工段生产计划 | HMO1: 锅炉工段生产计划 | HNE1: 锅炉工段生产计划 | HNU1: 锅炉工段生产计划 | HOK1: 锅炉工段生产计划 | HPA1: 锅炉工段生产计划 | HPQ1: 锅炉工段生产计划 | HQG1: 锅炉工段生产计划 | HQW1: 锅炉工段生产计划 | HRM1: 锅炉工段生产计划 | HSC1: 锅炉工段生产计划 | HSS1: 锅炉工段生产计划 | HTI1: 锅炉工段生产计划 | HTY1: 锅炉工段生产计划 | HUO1: 锅炉工段生产计划 | HVE1: 锅炉工段生产计划 | HVU1: 锅炉工段生产计划 | HWK1: 锅炉工段生产计划 | HXA1: 锅炉工段生产计划 | HXQ1: 锅炉工段生产计划 | HYG1: 锅炉工段生产计划 | HYW1: 锅炉工段生产计划 | HZM1: 锅炉工段生产计划 | IAC1: 锅炉工段生产计划 | IAS1: 锅炉工段生产计划 | IBI1: 锅炉工段生产计划 | IBY1: 锅炉工段生产计划 | ICO1: 锅炉工段生产计划 | IDE1: 锅炉工段生产计划 | IDU1: 锅炉工段生产计划 | IEK1: 锅炉工段生产计划 | IFA1: 锅炉工段生产计划 | IFQ1: 锅炉工段生产计划 | IGG1: 锅炉工段生产计划 | IGW1: 锅炉工段生产计划 | IHM1: 锅炉工段生产计划 | IIC1: 锅炉工段生产计划 | IIS1: 锅炉工段生产计划 | IJI1: 锅炉工段生产计划 | IJY1: 锅炉工段生产计划 | IKO1: 锅炉工段生产计划 | ILE1: 锅炉工段生产计划 | ILU1: 锅炉工段生产计划 | IMK1: 锅炉工段生产计划 | INA1: 锅炉工段生产计划 | INQ1: 锅炉工段生产计划 | IOG1: 锅炉工段生产计划 | IOW1: 锅炉工段生产计划 | IPM1: 锅炉工段生产计划 | IQC1: 锅炉工段生产计划 | IQS1: 锅炉工段生产计划 | IRI1: 锅炉工段生产计划 | IRY1: 锅炉工段生产计划 | ISO1: 锅炉工段生产计划 | ITE1: 锅炉工段生产计划 | ITU1: 锅炉工段生产计划 | IUK1: 锅炉工段生产计划 | IVA1: 锅炉工段生产计划 | IVQ1: 锅炉工段生产计划 | IWG1: 锅炉工段生产计划 | IWW1: 锅炉工段生产计划 | IXM1: 锅炉工段生产计划 | IYC1: 锅炉工段生产计划 | IYS1: 锅炉工段生产计划 | IZI1: 锅炉工段生产计划 | IZY1: 锅炉工段生产计划 | JAO1: 锅炉工段生产计划 | JBE1: 锅炉工段生产计划 | JBU1: 锅炉工段生产计划 | JCK1: 锅炉工段生产计划 | JDA1: 锅炉工段生产计划 | JDQ1: 锅炉工段生产计划 | JEG1: 锅炉工段生产计划 | JEW1: 锅炉工段生产计划 | JFM1: 锅炉工段生产计划 | JGC1: 锅炉工段生产计划 | JGS1: 锅炉工段生产计划 | JHI1: 锅炉工段生产计划 | JHY1: 锅炉工段生产计划 | JIO1: 锅炉工段生产计划 | JJE1: 锅炉工段生产计划 | JJU1: 锅炉工段生产计划 | JKK1: 锅炉工段生产计划 | JLA1: 锅炉工段生产计划 | JLQ1: 锅炉工段生产计划 | JMG1: 锅炉工段生产计划 | JMW1: 锅炉工段生产计划 | JNM1: 锅炉工段生产计划 | JOC1: 锅炉工段生产计划 | JOS1: 锅炉工段生产计划 | JPI1: 锅炉工段生产计划 | JPY1: 锅炉工段生产计划 | JQO1: 锅炉工段生产计划 | JRE1: 锅炉工段生产计划 | JRU1: 锅炉工段生产计划 | JSK1: 锅炉工段生产计划 | JTA1: 锅炉工段生产计划 | JTQ1: 锅炉工段生产计划 | JUG1: 锅炉工段生产计划 | JUW1: 锅炉工段生产计划 | JVM1: 锅炉工段生产计划 | JWC1: 锅炉工段生产计划 | JWS1: 锅炉工段生产计划 | JXI1: 锅炉工段生产计划 | JXY1: 锅炉工段生产计划 | JYO1: 锅炉工段生产计划 | JZE1: 锅炉工段生产计划 | JZU1: 锅炉工段生产计划 | KAK1: 锅炉工段生产计划 | KBA1: 锅炉工段生产计划 | KBQ1: 锅炉工段生产计划 | KCG1: 锅炉工段生产计划 | KCW1: 锅炉工段生产计划 | KDM1: 锅炉工段生产计划 | KEC1: 锅炉工段生产计划 | KES1: 锅炉工段生产计划 | KFI1: 锅炉工段生产计划 | KFY1: 锅炉工段生产计划 | KGO1: 锅炉工段生产计划 | KHE1: 锅炉工段生产计划 | KHU1: 锅炉工段生产计划 | KIK1: 锅炉工段生产计划 | KJA1: 锅炉工段生产计划 | KJQ1: 锅炉工段生产计划 | KKG1: 锅炉工段生产计划 | KKW1: 锅炉工段生产计划 | KLM1: 锅炉工段生产计划 | KMC1: 锅炉工段生产计划 | KMS1: 锅炉工段生产计划 | KNI1: 锅炉工段生产计划 | KNY1: 锅炉工段生产计划 | KOO1: 锅炉工段生产计划 | KPE1: 锅炉工段生产计划 | KPU1: 锅炉工段生产计划 | KQK1: 锅炉工段生产计划 | KRA1: 锅炉工段生产计划 | KRQ1: 锅炉工段生产计划 | KSG1: 锅炉工段生产计划 | KSW1: 锅炉工段生产计划 | KTM1: 锅炉工段生产计划 | KUC1: 锅炉工段生产计划 | KUS1: 锅炉工段生产计划 | KVI1: 锅炉工段生产计划 | KVY1: 锅炉工段生产计划 | KWO1: 锅炉工段生产计划 | KXE1: 锅炉工段生产计划 | KXU1: 锅炉工段生产计划 | KYK1: 锅炉工段生产计划 | KZA1: 锅炉工段生产计划 | KZQ1: 锅炉工段生产计划 | LAG1: 锅炉工段生产计划 | LAW1: 锅炉工段生产计划 | LBM1: 锅炉工段生产计划 | LCC1: 锅炉工段生产计划 | LCS1: 锅炉工段生产计划 | LDI1: 锅炉工段生产计划 | LDY1: 锅炉工段生产计划 | LEO1: 锅炉工段生产计划 | LFE1: 锅炉工段生产计划 | LFU1: 锅炉工段生产计划 | LGK1: 锅炉工段生产计划 | LHA1: 锅炉工段生产计划 | LHQ1: 锅炉工段生产计划 | LIG1: 锅炉工段生产计划 | LIW1: 锅炉工段生产计划 | LJM1: 锅炉工段生产计划 | LKC1: 锅炉工段生产计划 | LKS1: 锅炉工段生产计划 | LLI1: 锅炉工段生产计划 | LLY1: 锅炉工段生产计划 | LMO1: 锅炉工段生产计划 | LNE1: 锅炉工段生产计划 | LNU1: 锅炉工段生产计划 | LOK1: 锅炉工段生产计划 | LPA1: 锅炉工段生产计划 | LPQ1: 锅炉工段生产计划 | LQG1: 锅炉工段生产计划 | LQW1: 锅炉工段生产计划 | LRM1: 锅炉工段生产计划 | LSC1: 锅炉工段生产计划 | LSS1: 锅炉工段生产计划 | LTI1: 锅炉工段生产计划 | LTY1: 锅炉工段生产计划 | LUO1: 锅炉工段生产计划 | LVE1: 锅炉工段生产计划 | LVU1: 锅炉工段生产计划 | LWK1: 锅炉工段生产计划 | LXA1: 锅炉工段生产计划 | LXQ1: 锅炉工段生产计划 | LYG1: 锅炉工段生产计划 | LYW1: 锅炉工段生产计划 | LZM1: 锅炉工段生产计划 | MAC1: 锅炉工段生产计划 | MAS1: 锅炉工段生产计划 | MBI1: 锅炉工段生产计划 | MBY1: 锅炉工段生产计划 | MCO1: 锅炉工段生产计划 | MDE1: 锅炉工段生产计划 | MDU1: 锅炉工段生产计划 | MEK1: 锅炉工段生产计划 | MFA1: 锅炉工段生产计划 | MFQ1: 锅炉工段生产计划 | MGG1: 锅炉工段生产计划 | MGW1: 锅炉工段生产计划 | MHM1: 锅炉工段生产计划 | MIC1: 锅炉工段生产计划 | MIS1: 锅炉工段生产计划 | MJI1: 锅炉工段生产计划 | MJY1: 锅炉工段生产计划 | MKO1: 锅炉工段生产计划 | MLE1: 锅炉工段生产计划 | MLU1: 锅炉工段生产计划 | MMK1: 锅炉工段生产计划 | MNA1: 锅炉工段生产计划 | MNQ1: 锅炉工段生产计划 | MOG1: 锅炉工段生产计划 | MOW1: 锅炉工段生产计划 | MPM1: 锅炉工段生产计划 | MQC1: 锅炉工段生产计划 | MQS1: 锅炉工段生产计划 | MRI1: 锅炉工段生产计划 | MRY1: 锅炉工段生产计划 | MSO1: 锅炉工段生产计划 | MTE1: 锅炉工段生产计划 | MTU1: 锅炉工段生产计划 | MUK1: 锅炉工段生产计划 | MVA1: 锅炉工段生产计划 | MVQ1: 锅炉工段生产计划 | MWG1: 锅炉工段生产计划 | MWW1: 锅炉工段生产计划 | MXM1: 锅炉工段生产计划 | MYC1: 锅炉工段生产计划 | MYS1: 锅炉工段生产计划 | MZI1: 锅炉工段生产计划 | MZY1: 锅炉工段生产计划 | NAO1: 锅炉工段生产计划 | NBE1: 锅炉工段生产计划 | NBU1: 锅炉工段生产计划 | NCK1: 锅炉工段生产计划 | NDA1: 锅炉工段生产计划 | NDQ1: 锅炉工段生产计划 | NEG1: 锅炉工段生产计划 | NEW1: 锅炉工段生产计划 | NFM1: 锅炉工段生产计划 | NGC1: 锅炉工段生产计划 | NGS1: 锅炉工段生产计划 | NHI1: 锅炉工段生产计划 | NHY1: 锅炉工段生产计划 | NIO1: 锅炉工段生产计划 | NJE1: 锅炉工段生产计划 | NJU1: 锅炉工段生产计划 | NKK1: 锅炉工段生产计划 | NLA1: 锅炉工段生产计划 | NLQ1: 锅炉工段生产计划 | NMG1: 锅炉工段生产计划 | NMW1: 锅炉工段生产计划 | NNM1: 锅炉工段生产计划 | NOC1: 锅炉工段生产计划 | NOS1: 锅炉工段生产计划 | NPI1: 锅炉工段生产计划 | NPY1: 锅炉工段生产计划 | NQO1: 锅炉工段生产计划 | NRE1: 锅炉工段生产计划 | NRU1: 锅炉工段生产计划 | NSK1: 锅炉工段生产计划 | NTA1: 锅炉工段生产计划 | NTQ1: 锅炉工段生产计划 | NUG1: 锅炉工段生产计划 | NUW1: 锅炉工段生产计划 | NVM1: 锅炉工段生产计划 | NWC1: 锅炉工段生产计划 | NWS1: 锅炉工段生产计划 | NXI1: 锅炉工段生产计划 | NXY1: 锅炉工段生产计划 | NYO1: 锅炉工段生产计划 | NZE1: 锅炉工段生产计划 | NZU1: 锅炉工段生产计划 | OAK1: 锅炉工段生产计划 | OBA1: 锅炉工段生产计划 | OBQ1: 锅炉工段生产计划 | OCG1: 锅炉工段生产计划 | OCW1: 锅炉工段生产计划 | ODM1: 锅炉工段生产计划 | OEC1: 锅炉工段生产计划 | OES1: 锅炉工段生产计划 | OFI1: 锅炉工段生产计划 | OFY1: 锅炉工段生产计划 | OGO1: 锅炉工段生产计划 | OHE1: 锅炉工段生产计划 | OHU1: 锅炉工段生产计划 | OIK1: 锅炉工段生产计划 | OJA1: 锅炉工段生产计划 | OJQ1: 锅炉工段生产计划 | OKG1: 锅炉工段生产计划 | OKW1: 锅炉工段生产计划 | OLM1: 锅炉工段生产计划 | OMC1: 锅炉工段生产计划 | OMS1: 锅炉工段生产计划 | ONI1: 锅炉工段生产计划 | ONY1: 锅炉工段生产计划 | OOO1: 锅炉工段生产计划 | OPE1: 锅炉工段生产计划 | OPU1: 锅炉工段生产计划 | OQK1: 锅炉工段生产计划 | ORA1: 锅炉工段生产计划 | ORQ1: 锅炉工段生产计划 | OSG1: 锅炉工段生产计划 | OSW1: 锅炉工段生产计划 | OTM1: 锅炉工段生产计划 | OUC1: 锅炉工段生产计划 | OUS1: 锅炉工段生产计划 | OVI1: 锅炉工段生产计划 | OVY1: 锅炉工段生产计划 | OWO1: 锅炉工段生产计划 | OXE1: 锅炉工段生产计划 | OXU1: 锅炉工段生产计划 | OYK1: 锅炉工段生产计划 | OZA1: 锅炉工段生产计划 | OZQ1: 锅炉工段生产计划 | PAG1: 锅炉工段生产计划 | PAW1: 锅炉工段生产计划 | PBM1: 锅炉工段生产计划 | PCC1: 锅炉工段生产计划 | PCS1: 锅炉工段生产计划 | PDI1: 锅炉工段生产计划 | PDY1: 锅炉工段生产计划 | PEO1: 锅炉工段生产计划 | PFE1: 锅炉工段生产计划 | PFU1: 锅炉工段生产计划 | PGK1: 锅炉工段生产计划 | PHA1: 锅炉工段生产计划 | PHQ1: 锅炉工段生产计划 | PIG1: 锅炉工段生产计划 | PIW1: 锅炉工段生产计划 | PJM1: 锅炉工段生产计划 | PKC1: 锅炉工段生产计划 | PKS1: 锅炉工段生产计划 | PLI1: 锅炉工段生产计划 | PLY1: 锅炉工段生产计划 | PMO1: 锅炉工段生产计划 | PNE1: 锅炉工段生产计划 | PNU1: 锅炉工段生产计划 | POK1: 锅炉工段生产计划 | PPA1: 锅炉工段生产计划 | PPQ1: 锅炉工段生产计划 | PQG1: 锅炉工段生产计划 | PQW1: 锅炉工段生产计划 | PRM1: 锅炉工段生产计划 | PSC1: 锅炉工段生产计划 | PSS1: 锅炉工段生产计划 | PTI1: 锅炉工段生产计划 | PTY1: 锅炉工段生产计划 | PUO1: 锅炉工段生产计划 | PVE1: 锅炉工段生产计划 | PVU1: 锅炉工段生产计划 | PWK1: 锅炉工段生产计划 | PXA1: 锅炉工段生产计划 | PXQ1: 锅炉工段生产计划 | PYG1: 锅炉工段生产计划 | PYW1: 锅炉工段生产计划 | PZM1: 锅炉工段生产计划 | QAC1: 锅炉工段生产计划 | QAS1: 锅炉工段生产计划 | QBI1: 锅炉工段生产计划 | QBY1: 锅炉工段生产计划 | QCO1: 锅炉工段生产计划 | QDE1: 锅炉工段生产计划 | QDU1: 锅炉工段生产计划 | QEK1: 锅炉工段生产计划 | QFA1: 锅炉工段生产计划 | QFQ1: 锅炉工段生产计划 | QGG1: 锅炉工段生产计划 | QGW1: 锅炉工段生产计划 | QHM1: 锅炉工段生产计划 | QIC1: 锅炉工段生产计划 | QIS1: 锅炉工段生产计划 | QJI1: 锅炉工段生产计划 | QJY1: 锅炉工段生产计划 | QKO1: 锅炉工段生产计划 | QLE1: 锅炉工段生产计划 | QLU1: 锅炉工段生产计划 | QMK1: 锅炉工段生产计划 | QNA1: 锅炉工段生产计划 | QNQ1: 锅炉工段生产计划 | QOG1: 锅炉工段生产计划 | QOW1: 锅炉工段生产计划 | QPM1: 锅炉工段生产计划 | QQC1: 锅炉工段生产计划 | QQS1: 锅炉工段生产计划 | QRI1: 锅炉工段生产计划 | QRY1: 锅炉工段生产计划 | QSO1: 锅炉工段生产计划 | QTE1: 锅炉工段生产计划 | QTU1: 锅炉工段生产计划 | QUK1: 锅炉工段生产计划 | QVA1: 锅炉工段生产计划 | QVQ1: 锅炉工段生产计划 | QWG1: 锅炉工段生产计划 | QWW1: 锅炉工段生产计划 | QXM1: 锅炉工段生产计划 | QYC1: 锅炉工段生产计划 | QYS1: 锅炉工段生产计划 | QZI1: 锅炉工段生产计划 | QZY1: 锅炉工段生产计划 | RAO1: 锅炉工段生产计划 | RBE1: 锅炉工段生产计划 | RBU1: 锅炉工段生产计划 | RCK1: 锅炉工段生产计划 | RDA1: 锅炉工段生产计划 | RDQ1: 锅炉工段生产计划 | REG1: 锅炉工段生产计划 | REW1: 锅炉工段生产计划 | RFM1: 锅炉工段生产计划 | RGC1: 锅炉工段生产计划 | RGS1: 锅炉工段生产计划 | RHI1: 锅炉工段生产计划 | RHY1: 锅炉工段生产计划 | RIO1: 锅炉工段生产计划 | RJE1: 锅炉工段生产计划 | RJU1: 锅炉工段生产计划 | RKK1: 锅炉工段生产计划 | RLA1: 锅炉工段生产计划 | RLQ1: 锅炉工段生产计划 | RMG1: 锅炉工段生产计划 | RMW1: 锅炉工段生产计划 | RNM1: 锅炉工段生产计划 | ROC1: 锅炉工段生产计划 | ROS1: 锅炉工段生产计划 | RPI1: 锅炉工段生产计划 | RPY1: 锅炉工段生产计划 | RQO1: 锅炉工段生产计划 | RRE1: 锅炉工段生产计划 | RRU1: 锅炉工段生产计划 | RSK1: 锅炉工段生产计划 | RTA1: 锅炉工段生产计划 | RTQ1: 锅炉工段生产计划 | RUG1: 锅炉工段生产计划 | RUW1: 锅炉工段生产计划 | RVM1: 锅炉工段生产计划 | RWC1: 锅炉工段生产计划 | RWS1: 锅炉工段生产计划 | RXI1: 锅炉工段生产计划 | RXY1: 锅炉工段生产计划 | RYO1: 锅炉工段生产计划 | RZE1: 锅炉工段生产计划 | RZU1: 锅炉工段生产计划 | SAK1: 锅炉工段生产计划 | SBA1: 锅炉工段生产计划 | SBQ1: 锅炉工段生产计划 | SCG1: 锅炉工段生产计划 | SCW1: 锅炉工段生产计划 | SDM1: 锅炉工段生产计划 | SEC1: 锅炉工段生产计划 | SES1: 锅炉工段生产计划 | SFI1: 锅炉工段生产计划 | SFY1: 锅炉工段生产计划 | SGO1: 锅炉工段生产计划 | SHE1: 锅炉工段生产计划 | SHU1: 锅炉工段生产计划 | SIK1: 锅炉工段生产计划 | SJA1: 锅炉工段生产计划 | SJQ1: 锅炉工段生产计划 | SKG1: 锅炉工段生产计划 | SKW1: 锅炉工段生产计划 | SLM1: 锅炉工段生产计划 | SMC1: 锅炉工段生产计划 | SMS1: 锅炉工段生产计划 | SNI1: 锅炉工段生产计划 | SNY1: 锅炉工段生产计划 | SOO1: 锅炉工段生产计划 | SPE1: 锅炉工段生产计划 | SPU1: 锅炉工段生产计划 | SQK1: 锅炉工段生产计划 | SRA1: 锅炉工段生产计划 | SRQ1: 锅炉工段生产计划 | SSG1: 锅炉工段生产计划 | SSW1: 锅炉工段生产计划 | STM1: 锅炉工段生产计划 | SUC1: 锅炉工段生产计划 | SUS1: 锅炉工段生产计划 | SVI1: 锅炉工段生产计划 | SVY1: 锅炉工段生产计划 | SWO1: 锅炉工段生产计划 | SXE1: 锅炉工段生产计划 | SXU1: 锅炉工段生产计划 | SYK1: 锅炉工段生产计划 | SZA1: 锅炉工段生产计划 | SZQ1: 锅炉工段生产计划 | TAG1: 锅炉工段生产计划 | TAW1: 锅炉工段生产计划 | TBM1: 锅炉工段生产计划 | TCC1: 锅炉工段生产计划 | TCS1: 锅炉工段生产计划 | TDI1: 锅炉工段生产计划 | TDY1: 锅炉工段生产计划 | TEO1: 锅炉工段生产计划 | TFE1: 锅炉工段生产计划 | TFU1: 锅炉工段生产计划 | TGK1: 锅炉工段生产计划 | THA1: 锅炉工段生产计划 | THQ1: 锅炉工段生产计划 | TIG1: 锅炉工段生产计划 | TIW1: 锅炉工段生产计划 | TJM1: 锅炉工段生产计划 | TKC1: 锅炉工段生产计划 | TKS1: 锅炉工段生产计划 | TLI1: 锅炉工段生产计划 | TLY1: 锅炉工段生产计划 | TMO1: 锅炉工段生产计划 | TNE1: 锅炉工段生产计划 | TNU1: 锅炉工段生产计划 | TOK1: 锅炉工段生产计划 | TPA1: 锅炉工段生产计划 | TPQ1: 锅炉工段生产计划 | TQG1: 锅炉工段生产计划 | TQW1: 锅炉工段生产计划 | TRM1: 锅炉工段生产计划 | TSC1: 锅炉工段生产计划 | TSS1: 锅炉工段生产计划 | TTI1: 锅炉工段生产计划 | TTY1: 锅炉工段生产计划 | TUO1: 锅炉工段生产计划 | TVE1: 锅炉工段生产计划 | TVU1: 锅炉工段生产计划 | TWK1: 锅炉工段生产计划 | TXA1: 锅炉工段生产计划 | TXQ1: 锅炉工段生产计划 | TYG1: 锅炉工段生产计划 | TYW1: 锅炉工段生产计划 | TZM1: 锅炉工段生产计划 | UAC1: 锅炉工段生产计划 | UAS1: 锅炉工段生产计划 | UBI1: 锅炉工段生产计划 | UBY1: 锅炉工段生产计划 | UCO1: 锅炉工段生产计划 | UDE1: 锅炉工段生产计划 | UDU1: 锅炉工段生产计划 | UEK1: 锅炉工段生产计划 | UFA1: 锅炉工段生产计划 | UFQ1: 锅炉工段生产计划 | UGG1: 锅炉工段生产计划 | UGW1: 锅炉工段生产计划 | UHM1: 锅炉工段生产计划 | UIC1: 锅炉工段生产计划 | UIS1: 锅炉工段生产计划 | UJI1: 锅炉工段生产计划 | UJY1: 锅炉工段生产计划 | UKO1: 锅炉工段生产计划 | ULE1: 锅炉工段生产计划 | ULU1: 锅炉工段生产计划 | UMK1: 锅炉工段生产计划 | UNA1: 锅炉工段生产计划 | UNQ1: 锅炉工段生产计划 | UOG1: 锅炉工段生产计划 | UOW1: 锅炉工段生产计划 | UPM1: 锅炉工段生产计划 | UQC1: 锅炉工段生产计划 | UQS1: 锅炉工段生产计划 | URI1: 锅炉工段生产计划 | URY1: 锅炉工段生产计划 | USO1: 锅炉工段生产计划 | UTE1: 锅炉工段生产计划 | UTU1: 锅炉工段生产计划 | UUK1: 锅炉工段生产计划 | UVA1: 锅炉工段生产计划 | UVQ1: 锅炉工段生产计划 | UWG1: 锅炉工段生产计划 | UWW1: 锅炉工段生产计划 | UXM1: 锅炉工段生产计划 | UYC1: 锅炉工段生产计划 | UYS1: 锅炉工段生产计划 | UZI1: 锅炉工段生产计划 | UZY1: 锅炉工段生产计划 | VAO1: 锅炉工段生产计划 | VBE1: 锅炉工段生产计划 | VBU1: 锅炉工段生产计划 | VCK1: 锅炉工段生产计划 | VDA1: 锅炉工段生产计划 | VDQ1: 锅炉工段生产计划 | VEG1: 锅炉工段生产计划 | VEW1: 锅炉工段生产计划 | VFM1: 锅炉工段生产计划 | VGC1: 锅炉工段生产计划 | VGS1: 锅炉工段生产计划 | VHI1: 锅炉工段生产计划 | VHY1: 锅炉工段生产计划 | VIO1: 锅炉工段生产计划 | VJE1: 锅炉工段生产计划 | VJU1: 锅炉工段生产计划 | VKK1: 锅炉工段生产计划 | VLA1: 锅炉工段生产计划 | VLQ1: 锅炉工段生产计划 | VMG1: 锅炉工段生产计划 | VMW1: 锅炉工段生产计划 | VNM1: 锅炉工段生产计划 | VOC1: 锅炉工段生产计划 | VOS1: 锅炉工段生产计划 | VPI1: 锅炉工段生产计划 | VPY1: 锅炉工段生产计划 | VQO1: 锅炉工段生产计划 | VRE1: 锅炉工段生产计划 | VRU1: 锅炉工段生产计划 | VSK1: 锅炉工段生产计划 | VTA1: 锅炉工段生产计划 | VTQ1: 锅炉工段生产计划 | VUG1: 锅炉工段生产计划 | VUW1: 锅炉工段生产计划 | VVM1: 锅炉工段生产计划 | VWC1: 锅炉工段生产计划 | VWS1: 锅炉工段生产计划 | VXI1: 锅炉工段生产计划 | VXY1: 锅炉工段生产计划 | VYO1: 锅炉工段生产计划 | VZE1: 锅炉工段生产计划 | VZU1: 锅炉工段生产计划 | WAK1: 锅炉工段生产计划 | WBA1: 锅炉工段生产计划 | WBQ1: 锅炉工段生产计划 | WCG1: 锅炉工段生产计划 | WCW1: 锅炉工段生产计划 | WDM1: 锅炉工段生产计划 | WEC1: 锅炉工段生产计划 | WES1: 锅炉工段生产计划 | WFI1: 锅炉工段生产计划 | WFY1: 锅炉工段生产计划 | WGO1: 锅炉工段生产计划 | WHE1: 锅炉工段生产计划 | WHU1: 锅炉工段生产计划 | WIK1: 锅炉工段生产计划 | WJA1: 锅炉工段生产计划 | WJQ1: 锅炉工段生产计划 | WKG1: 锅炉工段生产计划 | WKW1: 锅炉工段生产计划 | WLM1: 锅炉工段生产计划 | WMC1: 锅炉工段生产计划 | WMS1: 锅炉工段生产计划 | WNI1: 锅炉工段生产计划 | WNY1: 锅炉工段生产计划 | WOO1: 锅炉工段生产计划 | WPE1: 锅炉工段生产计划 | WPU1: 锅炉工段生产计划 | WQK1: 锅炉工段生产计划 | WRA1: 锅炉工段生产计划 | WRQ1: 锅炉工段生产计划 | WSG1: 锅炉工段生产计划 | WSW1: 锅炉工段生产计划 | WTM1: 锅炉工段生产计划 | WUC1: 锅炉工段生产计划 | WUS1: 锅炉工段生产计划 | WVI1: 锅炉工段生产计划 | WVY1: 锅炉工段生产计划 | WWO1: 锅炉工段生产计划 | WXE1: 锅炉工段生产计划 | WXU1: 锅炉工段生产计划 | WYK1: 锅炉工段生产计划 | WZA1: 锅炉工段生产计划 | WZQ1: 锅炉工段生产计划 | XAG1: 锅炉工段生产计划 | XAW1: 锅炉工段生产计划 | XBM1: 锅炉工段生产计划 | XCC1: 锅炉工段生产计划 | XCS1: 锅炉工段生产计划 | XDI1: 锅炉工段生产计划 | XDY1: 锅炉工段生产计划 | XEO1: 锅炉工段生产计划
Q2: =污水!P2 -> 日 期：2024年9月10日
A3: 项 目 | C3: 单位 | D3: 指标 | E3: =果糖!D3 -> 2025年预算
E4: 1月 | F4: 2月 | G4: 3月 | H4: 4月 | I4: 5月 | J4: 6月 | K4: 7月 | L4: 8月 | M4: 9月 | N4: 10月 | O4: 11月 | P4: 12月 | Q4: 全年 | R4: 性质
A5: 蒸汽
A6: 果糖用汽量 | C6: t | E6: =果糖!D59 -> 6758 | F6: =果糖!E59 -> 3935 | G6: =果糖!F59 -> 5072 | H6: =果糖!G59 -> 4147 | I6: =果糖!H59 -> 6242 | J6: =果糖!I59 -> 6328 | K6: =果糖!J59 -> 6432 | L6: =果糖!K59 -> 6390 | ... P6: =果糖!O59 -> 5578 | Q6: =SUM(E6:P6) -> 62430 | R6: 成本
A7: 葡萄糖用汽量 | C7: t | E7: =葡萄糖!D45 -> 277 | F7: =葡萄糖!E45 -> 217 | G7: =葡萄糖!F45 -> 372 | H7: =葡萄糖!G45 -> 563 | I7: =葡萄糖!H45 -> 372 | J7: =葡萄糖!I45 -> 348 | K7: =葡萄糖!J45 -> 665 | L7: =葡萄糖!K45 -> 665 | ... P7: =葡萄糖!O45 -> 478 | Q7: =SUM(E7:P7) -> 5649
A8: 麦芽糖用汽量 | C8: t | E8: =麦芽糖!D51 -> 953 | F8: =麦芽糖!E51 -> 1072 | G8: =麦芽糖!F51 -> 473 | H8: =麦芽糖!G51 -> 1313 | I8: =麦芽糖!H51 -> 877 | J8: =麦芽糖!I51 -> 1864 | K8: =麦芽糖!J51 -> 984 | L8: =麦芽糖!K51 -> 2774 | ... P8: =麦芽糖!O51 -> 1653 | Q8: =SUM(E8:P8) -> 14502
A9: 污水用汽量 | C9: t | E9: =污水!D36 -> 0 | F9: =污水!E36 -> 0 | G9: =污水!F36 -> 0 | H9: =污水!G36 -> 0 | I9: =污水!H36 -> 0 | J9: =污水!I36 -> 0 | K9: =污水!J36 -> 0 | L9: =污水!K36 -> 0 | ... P9: =污水!O36 -> 0 | Q9: =SUM(E9:P9) -> 0 | R9: 污水
A10: 用汽合计 | C10: t | E10: =SUM(E6:E9) -> 7988 | F10: =SUM(F6:F9) -> 5224 | G10: =SUM(G6:G9) -> 5917 | H10: =SUM(H6:H9) -> 6023 | I10: =SUM(I6:I9) -> 7491 | J10: =SUM(J6:J9) -> 8540 | K10: =SUM(K6:K9) -> 8081 | L10: =SUM(L6:L9) -> 9829 | ... P10: =SUM(P6:P9) -> 7709 | Q10: =SUM(E10:P10) -> 82581
A11: 天然气
A12: 果糖耗气量 | C12: 立方米 | E12: =果糖!D61 -> 12037 | F12: =果糖!E61 -> 6955 | G12: =果糖!F61 -> 8661 | H12: =果糖!G61 -> 6517 | I12: =果糖!H61 -> 11282 | J12: =果糖!I61 -> 11416 | K12: =果糖!J61 -> 11581 | L12: =果糖!K61 -> 11498 | ... P12: =果糖!O61 -> 10281 | Q12: =SUM(E12:P12) -> 108864
A13: 炭炉用气量 | C13: 立方米 | E13: =E12-E14 -> 12037 | F13: =F12-F14 -> 6955 | G13: =G12-G14 -> 8661 | H13: =H12-H14 -> 6517 | I13: =I12-I14 -> 11282 | J13: =J12-J14 -> 11416 | K13: =K12-K14 -> 11581 | L13: =L12-L14 -> 11498 | ... P13: =P12-P14 -> 10281 | Q13: =SUM(E13:P13) -> 108864 | R13: 成本
A14: 溴化锂生产用气 | C14: 立方米 | Q14: =SUM(E14:P14) -> 0 | R14: 成本 | S14: 未考虑生产用沼气
A15: 葡萄糖用气量 | C15: 立方米 | E15: =葡萄糖!D47 -> 305 | F15: =葡萄糖!E47 -> 250 | G15: =葡萄糖!F47 -> 430 | H15: =葡萄糖!G47 -> 633 | I15: =葡萄糖!H47 -> 410 | J15: =葡萄糖!I47 -> 384 | K15: =葡萄糖!J47 -> 733 | L15: =葡萄糖!K47 -> 733 | ... P15: =葡萄糖!O47 -> 527 | Q15: =SUM(E15:P15) -> 6269
A16: 麦芽糖耗气量 | C16: 立方米 | E16: =麦芽糖!D53 -> 1920 | F16: =麦芽糖!E53 -> 2160 | G16: =麦芽糖!F53 -> 953 | H16: =麦芽糖!G53 -> 2684 | I16: =麦芽糖!H53 -> 1818 | J16: =麦芽糖!I53 -> 3866 | K16: =麦芽糖!J53 -> 2041 | L16: =麦芽糖!K53 -> 5752 | ... P16: =麦芽糖!O53 -> 3329 | Q16: =SUM(E16:P16) -> 29756
A17: 锅炉用气量 | C17: 立方米 | E17: =锅炉工段!D30 -> 0 | F17: =锅炉工段!E30 -> 0 | G17: =锅炉工段!F30 -> 0 | H17: =锅炉工段!G30 -> 0 | I17: =锅炉工段!H30 -> 0 | J17: =锅炉工段!I30 -> 0 | K17: =锅炉工段!J30 -> 0 | L17: =锅炉工段!K30 -> 0 | ... P17: =锅炉工段!O30 -> 0 | Q17: =SUM(E17:P17) -> 0 | R17: 锅炉
A18: 生活用气量 | E18: =E19+E20 -> 600 | F18: =F19+F20 -> 600 | G18: =G19+G20 -> 600 | H18: =H19+H20 -> 600 | I18: =I19+I20 -> 600 | J18: =J19+J20 -> 600 | K18: =K19+K20 -> 600 | L18: =L19+L20 -> 600 | ... P18: =P19+P20 -> 600 | Q18: =SUM(E18:P18) -> 7200
A19: 食堂用气量 | C19: 立方米 | E19: 600 | F19: 600 | G19: 600 | H19: 600 | I19: 600 | J19: 600 | K19: 600 | L19: 600 | M19: 600 | N19: 600 | O19: 600 | P19: 600 | Q19: =SUM(E19:P19) -> 7200 | R19: 管理 | U19: =Q19*[6]单价!$D$36/1.13 -> 27939.823
A20: 溴化锂空调用气 | C20: 立方米 | Q20: =SUM(E20:P20) -> 0 | R20: 管理-人工 | S20: 1吨沼气=0.77吨天然气 | U20: =Q20*4.035/1.13 -> 0
A21: 用气合计 | C21: 立方米 | E21: =E12+E17+E18+E16 -> 14557 | F21: =F12+F17+F18+F16 -> 9715 | G21: =G12+G17+G18+G16 -> 10214 | H21: =H12+H17+H18+H16 -> 9801 | I21: =I12+I17+I18+I16 -> 13700 | J21: =J12+J17+J18+J16 -> 15882 | K21: =K12+K17+K18+K16 -> 14222 | L21: =L12+L17+L18+L16 -> 17850 | ... P21: =P12+P17+P18+P16 -> 14210 | Q21: =SUM(E21:P21) -> 145820 | R21: 管理-费用
A22: 电
A23: 果糖用电量 | C23: 万kw.h | E23: =果糖!D57 -> 135.9119 | F23: =果糖!E57 -> 78.227 | G23: =果糖!F57 -> 96.6274 | H23: =果糖!G57 -> 66.9481 | I23: =果糖!H57 -> 129.536 | J23: =果糖!I57 -> 130.9195 | K23: =果糖!J57 -> 132.6093 | L23: =果糖!K57 -> 131.5862 | ... P23: =果糖!O57 -> 117.5394 | Q23: =SUM(E23:P23) -> 1212.137 | R23: 成本
A24: 葡萄糖用电量 | C24: 万kw.h | E24: =葡萄糖!D43 -> 2.2036 | F24: =葡萄糖!E43 -> 1.8084 | G24: =葡萄糖!F43 -> 3.1058 | H24: =葡萄糖!G43 -> 4.4296 | I24: =葡萄糖!H43 -> 2.9596 | J24: =葡萄糖!I43 -> 2.772 | K24: =葡萄糖!J43 -> 5.292 | L24: =葡萄糖!K43 -> 5.292 | ... P24: =葡萄糖!O43 -> 3.7996 | Q24: =SUM(E24:P24) -> 45.101
A25: 麦芽糖用电量 | C25: 万kw.h | E25: =麦芽糖!D49 -> 9.2582 | F25: =麦芽糖!E49 -> 10.4159 | G25: =麦芽糖!F49 -> 4.5951 | H25: =麦芽糖!G49 -> 12.9438 | I25: =麦芽糖!H49 -> 8.7659 | J25: =麦芽糖!I49 -> 19.1909 | K25: =麦芽糖!J49 -> 10.1304 | L25: =麦芽糖!K49 -> 28.5569 | ... P25: =麦芽糖!O49 -> 16.0568 | Q25: =SUM(E25:P25) -> 145.45
A26: 污水用电量 | C26: 万kw.h | E26: =污水!D34 -> 7.8196 | F26: =污水!E34 -> 4.8203 | G26: =污水!F34 -> 5.5769 | H26: =污水!G34 -> 4.9757 | I26: =污水!H34 -> 7.3777 | J26: =污水!I34 -> 8.0991 | K26: =污水!J34 -> 7.7158 | L26: =污水!K34 -> 8.8472 | ... P26: =污水!O34 -> 7.1898 | Q26: =SUM(E26:P26) -> 75.6688 | R26: 污水
A27: 锅炉用电量 | C27: 万kw.h | E27: =锅炉工段!D28 -> 0 | F27: =锅炉工段!E28 -> 0 | G27: =锅炉工段!F28 -> 0 | H27: =锅炉工段!G28 -> 0 | I27: =锅炉工段!H28 -> 0 | J27: =锅炉工段!I28 -> 0 | K27: =锅炉工段!J28 -> 0 | L27: =锅炉工段!K28 -> 0 | ... P27: =锅炉工段!O28 -> 0 | Q27: =SUM(E27:P27) -> 0 | R27: 锅炉
A28: 生活用电量 | C28: 万kw.h | E28: =E29+E30 -> 1.1811 | F28: =F29+F30 -> 1.0668 | G28: =G29+G30 -> 1.1811 | H28: =H29+H30 -> 1.143 | I28: =I29+I30 -> 1.1811 | J28: =J29+J30 -> 1.143 | K28: =K29+K30 -> 1.1811 | L28: =L29+L30 -> 1.1811 | ... P28: =P29+P30 -> 1.1811 | Q28: =SUM(E28:P28) -> 13.9065 | R28: 管理
A29: 宿舍及食堂用电 | C29: 万kw.h | E29: =(201+30)*E43/10000 -> 0.7161 | F29: =(201+30)*F43/10000 -> 0.6468 | G29: =(201+30)*G43/10000 -> 0.7161 | H29: =(201+30)*H43/10000 -> 0.693 | I29: =(201+30)*I43/10000 -> 0.7161 | J29: =(201+30)*J43/10000 -> 0.693 | K29: =(201+30)*K43/10000 -> 0.7161 | L29: =(201+30)*L43/10000 -> 0.7161 | ... P29: =(201+30)*P43/10000 -> 0.7161 | Q29: =SUM(E29:P29) -> 8.4315 | R29: 管理-人工 | U29: =Q29*0.963/1.17*10000 -> 69397.731
A30: 办公楼及其他用电 | C30: 万kw.h | E30: =(120+30)*E43/10000 -> 0.465 | F30: =(120+30)*F43/10000 -> 0.42 | G30: =(120+30)*G43/10000 -> 0.465 | H30: =(120+30)*H43/10000 -> 0.45 | I30: =(120+30)*I43/10000 -> 0.465 | J30: =(120+30)*J43/10000 -> 0.45 | K30: =(120+30)*K43/10000 -> 0.465 | L30: =(120+30)*L43/10000 -> 0.465 | ... P30: =(120+30)*P43/10000 -> 0.465 | Q30: =SUM(E30:P30) -> 5.475 | R30: 管理-费用 | U30: =Q30*0.963/1.17*10000 -> 45063.462
A31: 用电合计 | C31: 万kw.h | E31: =SUM(E23:E28) -> 156.3744 | F31: =SUM(F23:F28) -> 96.3384 | G31: =SUM(G23:G28) -> 111.0863 | H31: =SUM(H23:H28) -> 90.4402 | I31: =SUM(I23:I28) -> 149.8203 | J31: =SUM(J23:J28) -> 162.1245 | K31: =SUM(K23:K28) -> 156.9286 | L31: =SUM(L23:L28) -> 175.4634 | ... P31: =SUM(P23:P28) -> 145.7667 | Q31: =SUM(E31:P31) -> 1492.2633
A32: 水
A33: 果糖装置用水量 | C33: t | E33: =果糖!D55 -> 48791 | F33: =果糖!E55 -> 28157 | G33: =果糖!F55 -> 34883 | H33: =果糖!G55 -> 24545 | I33: =果糖!H55 -> 46371 | J33: =果糖!I55 -> 46879 | K33: =果糖!J55 -> 47498 | L33: =果糖!K55 -> 47137 | ... P33: =果糖!O55 -> 41984 | Q33: =SUM(E33:P33) -> 436630 | R33: 成本
A34: 葡萄糖用水量 | E34: =葡萄糖!D41 -> 1228 | F34: =葡萄糖!E41 -> 1005 | G34: =葡萄糖!F41 -> 1726 | H34: =葡萄糖!G41 -> 2531 | I34: =葡萄糖!H41 -> 1649 | J34: =葡萄糖!I41 -> 1544 | K34: =葡萄糖!J41 -> 2948 | L34: =葡萄糖!K41 -> 2948 | ... P34: =葡萄糖!O41 -> 2117 | Q34: =SUM(E34:P34) -> 25302
A35: 麦芽糖用水量 | E35: =麦芽糖!D47 -> 4765 | F35: =麦芽糖!E47 -> 5361 | G35: =麦芽糖!F47 -> 2433 | H35: =麦芽糖!G47 -> 6853 | I35: =麦芽糖!H47 -> 4770 | J35: =麦芽糖!I47 -> 10144 | K35: =麦芽糖!J47 -> 5355 | L35: =麦芽糖!K47 -> 15094 | ... P35: =麦芽糖!O47 -> 8265 | Q35: =SUM(E35:P35) -> 76330
A36: 锅炉用水 | C36: t | E36: =污水!D42 -> 0 | F36: =污水!E42 -> 0 | G36: =污水!F42 -> 0 | H36: =污水!G42 -> 0 | I36: =污水!H42 -> 0 | J36: =污水!I42 -> 0 | K36: =污水!J42 -> 0 | L36: =污水!K42 -> 0 | ... P36: =污水!O42 -> 0 | Q36: =SUM(E36:P36) -> 0 | R36: 制造
A37: 污水用水 | C37: t | E37: =污水!D32 -> 559 | F37: =污水!E32 -> 310 | G37: =污水!F32 -> 398 | H37: =污水!G32 -> 355 | I37: =污水!H32 -> 527 | J37: =污水!I32 -> 579 | K37: =污水!J32 -> 551 | L37: =污水!K32 -> 632 | ... P37: =污水!O32 -> 514 | Q37: =SUM(E37:P37) -> 5371 | R37: 污水
A38: 办公楼用水 | C38: t | E38: =E39+E40 -> 5890 | F38: =F39+F40 -> 5320 | G38: =G39+G40 -> 5890 | H38: =H39+H40 -> 5700 | I38: =I39+I40 -> 5890 | J38: =J39+J40 -> 5700 | K38: =K39+K40 -> 5890 | L38: =L39+L40 -> 5890 | ... P38: =P39+P40 -> 5890 | Q38: =SUM(E38:P38) -> 69350 | R38: 管理 | U38: =Q38*2.35/1.03 -> 158225.73
A39: 宿舍及食堂用水 | C39: t | E39: =ROUND((12.87+2)*E43,0) -> 461 | F39: =ROUND((12.87+2)*F43,0) -> 416 | G39: =ROUND((12.87+2)*G43,0) -> 461 | H39: =ROUND((12.87+2)*H43,0) -> 446 | I39: =ROUND((12.87+2)*I43,0) -> 461 | J39: =ROUND((12.87+2)*J43,0) -> 446 | K39: =ROUND((12.87+2)*K43,0) -> 461 | L39: =ROUND((12.87+2)*L43,0) -> 461 | ... P39: =ROUND((12.87+2)*P43,0) -> 461 | Q39: =SUM(E39:P39) -> 5427 | R39: 管理-人工 | U39: =Q39*2.35/1.03 -> 12381.99
A40: 办公楼及其他用水 | C40: t | E40: =(174+16)*E43-E39 -> 5429 | F40: =(174+16)*F43-F39 -> 4904 | G40: =(174+16)*G43-G39 -> 5429 | H40: =(174+16)*H43-H39 -> 5254 | I40: =(174+16)*I43-I39 -> 5429 | J40: =(174+16)*J43-J39 -> 5254 | K40: =(174+16)*K43-K39 -> 5429 | L40: =(174+16)*L43-L39 -> 5429 | ... P40: =(174+16)*P43-P39 -> 5429 | Q40: =SUM(E40:P40) -> 63923 | R40: 管理-费用 | U40: =Q40*2.35/1.03 -> 145843.74
A41: 用水合计 | C41: t | E41: =SUM(E33:E38) -> 61233 | F41: =SUM(F33:F38) -> 40153 | G41: =SUM(G33:G38) -> 45330 | H41: =SUM(H33:H38) -> 39984 | I41: =SUM(I33:I38) -> 59207 | J41: =SUM(J33:J38) -> 64846 | K41: =SUM(K33:K38) -> 62242 | L41: =SUM(L33:L38) -> 71701 | ... P41: =SUM(P33:P38) -> 58770 | Q41: =SUM(E41:P41) -> 612983
A43: 日历天数 | E43: 31 | F43: 28 | G43: 31 | H43: 30 | I43: 31 | J43: 30 | K43: 31 | L43: 31 | M43: 30 | N43: 31 | O43: 30 | P43: 31 | Q43: =SUM(E43:P43) -> 365
E46: =216*E43/10000 -> 0.6696 | F46: =216*F43/10000 -> 0.6048 | G46: =216*G43/10000 -> 0.6696 | H46: =216*H43/10000 -> 0.648 | I46: =216*I43/10000 -> 0.6696 | J46: =216*J43/10000 -> 0.648 | K46: =216*K43/10000 -> 0.6696 | L46: =216*L43/10000 -> 0.6696 | ... P46: =216*P43/10000 -> 0.6696
C48: 每小时
B49: 2013年新鲜水平均值 | C49: 191
B50: 14年1-8月份平均值 | C50: 157
B51: 综合平均 | C51: =AVERAGE(C49:C50) -> 174
B52: 宿舍平均用电值 | C52: 211
B53: 办公楼用电平均值 | C53: 140
B54: 溴化锂小时流量 | C54: 38
B55: 炭炉小时流量 | C55: 20
B57: 溴化锂空调用气调整前 | E57: =38*24*E43-污水!D46*0.77 -> -2767.47 | F57: =38*24*F43-污水!E46*0.77 -> 8107.82 | J57: =38*24*J43-污水!I46*0.77 -> -2070.17 | K57: =38*24*K43-污水!J46*0.77 -> -1584.75 | L57: =38*24*L43-污水!K46*0.77 -> -1370.69 | P57: =38*24*P43-污水!O46*0.77 -> 2317.61 | Q57: =SUM(E57:P57) -> 2632.35

Sheet 果糖一线
A1: 生产技术部果糖一线年度生产计划(2025年)
P2: =能源消耗!Q2 -> 日 期：2024年9月10日
A3: 项 目 | B3: 单位 | C3: 指标 | D3: =能源消耗!E3 -> 2025年预算
D4: 1月 | E4: 2月 | F4: 3月 | G4: 4月 | H4: 5月 | I4: 6月 | J4: 7月 | K4: 8月 | L4: 9月 | M4: 10月 | N4: 11月 | O4: 12月 | P4: 合计
A5: 一、工时计划
A6: 日历时数 | B6: h | D6: 744 | E6: 672 | F6: 744 | G6: 720 | H6: 744 | I6: 720 | J6: 744 | K6: 744 | L6: 720 | M6: 744 | N6: 720 | O6: 744 | P6: =SUM(D6:O6) -> 8760
A7: 计划工时 | B7: h | D7: =D6-D9 -> 624 | E7: =E6-E9 -> 322 | F7: =F6-F9 -> 324 | G7: =G6-G9 -> 0 | H7: =H6-H9 -> 744 | I7: =I6-I9 -> 720 | J7: =J6-J9 -> 744 | K7: =K6-K9 -> 744 | ... O7: =O6-O9 -> 624 | P7: =SUM(D7:O7) -> 5542
A8: 计划工时 | B8: 天 | D8: =D7/24 -> 26 | E8: =E7/24 -> 13.416667 | F8: =F7/24 -> 13.5 | G8: =G7/24 -> 0 | H8: =H7/24 -> 31 | I8: =I7/24 -> 30 | J8: =J7/24 -> 31 | K8: =K7/24 -> 31 | ... P8: =P7/24 -> 230.91667
A9: 停车时数 | B9: h | D9: =SUM(D10:D12) -> 120 | E9: =SUM(E10:E12) -> 350 | F9: =SUM(F10:F12) -> 420 | G9: =SUM(G10:G12) -> 720 | H9: =SUM(H10:H12) -> 0 | I9: =SUM(I10:I12) -> 0 | J9: =SUM(J10:J12) -> 0 | K9: =SUM(K10:K12) -> 0 | ... O9: =SUM(O10:O12) -> 120 | P9: =SUM(D9:O9) -> 3218
A10: 计划停车 | B10: h | D10: 120 | E10: 350 | F10: 420 | G10: 720 | M10: 744 | N10: 744 | O10: 120 | P10: =SUM(D10:O10) -> 3218
A11: 非计划停车 | B11: h | P11: =SUM(D11:O11) -> 0
A12: 外部原因停车 | B12: h | P12: =SUM(D12:O12) -> 0
A13: 二、绝干收率 | D13: =葡萄糖!D18+葡萄糖!D19 -> 514 | E13: =葡萄糖!E18+葡萄糖!E19 -> 394 | F13: =葡萄糖!F18+葡萄糖!F19 -> 660 | G13: =葡萄糖!G18+葡萄糖!G19 -> 994 | H13: =葡萄糖!H18+葡萄糖!H19 -> 694 | I13: =葡萄糖!I18+葡萄糖!I19 -> 660 | J13: =葡萄糖!J18+葡萄糖!J19 -> 1260 | K13: =葡萄糖!K18+葡萄糖!K19 -> 1260 | ... P13: =葡萄糖!P18+葡萄糖!P19 -> 10478
A14: 果糖 | B14: % | D14: =IF(D35=0,0,1/D35) -> 1.0810811 | E14: =IF(E35=0,0,1/E35) -> 1.0810811 | F14: =IF(F35=0,0,1/F35) -> 1.0810811 | G14: =IF(G35=0,0,1/G35) -> 0 | H14: =IF(H35=0,0,1/H35) -> 1.0810811 | I14: =IF(I35=0,0,1/I35) -> 1.0810811 | J14: =IF(J35=0,0,1/J35) -> 1.0810811 | K14: =IF(K35=0,0,1/K35) -> 1.0810811 | ... P14: =IF(P35=0,0,1/P35) -> 1.0810811
A15: 三、生产负荷计划 | P15: =SUM(D15:O15) -> 0
A16: 果糖装置 | B16: % | D16: =IF(D7=0,0,(D18+D24)/D7/333*24) -> 0.92400092 | E16: =IF(E7=0,0,(E18+E24)/E7/333*24) -> 0.89530524 | F16: =IF(F7=0,0,(F18+F24)/F7/333*24) -> 0.88977867 | G16: =IF(G7=0,0,(G18+G24)/G7/333*24) -> 0 | H16: =IF(H7=0,0,(H18+H24)/H7/333*24) -> 0.77496852 | I16: =IF(I7=0,0,(I18+I24)/I7/333*24) -> 0.8008008 | J16: =IF(J7=0,0,(J18+J24)/J7/333*24) -> 0.77496852 | K16: =IF(K7=0,0,(K18+K24)/K7/333*24) -> 0.77496852 | ... P16: =IF(P7=0,0,(P18+P24)/P7/333*24) -> 0.75427286 | Q16: ？？算法确认
A17: 四、产品产量 | D17: =D18+D24+D29 -> 8000 | E17: =E18+E24+E29 -> 4000 | F17: =F18+F24+F29 -> 4000 | G17: =G18+G24+G29 -> 0 | H17: =H18+H24+H29 -> 8000 | I17: =I18+I24+I29 -> 8000 | J17: =J18+J24+J29 -> 8000 | K17: =K18+K24+K29 -> 8000 | ... O17: =O18+O24+O29 -> 8000 | P17: =SUM(D17:O17) -> 58000
A18: 果糖F42(71%) | B18: t | P18: =SUM(D18:O18) -> 0
A19: 可乐标准 | B19: t | P19: =SUM(D19:O19) -> 0
A20: 比重 | B20: % | D20: =IF(D18=0,0,D19/D18) -> 0 | E20: =IF(E18=0,0,E19/E18) -> 0 | F20: =IF(F18=0,0,F19/F18) -> 0 | G20: =IF(G18=0,0,G19/G18) -> 0 | H20: =IF(H18=0,0,H19/H18) -> 0 | I20: =IF(I18=0,0,I19/I18) -> 0 | J20: =IF(J18=0,0,J19/J18) -> 0 | K20: =IF(K18=0,0,K19/K18) -> 0 | ... P20: =IF(P18=0,0,P19/P18) -> 0
A21: 国标 | B21: t | D21: 0 | E21: =E18-E19 -> 0 | F21: =F18-F19 -> 0 | G21: =G18-G19 -> 0 | H21: =H18-H19 -> 0 | I21: =I18-I19 -> 0 | J21: =J18-J19 -> 0 | K21: =K18-K19 -> 0 | L21: =L18-L19 -> 0 | ... O21: =O18-O19 -> 0 | P21: =SUM(D21:O21) -> 0
A22: 比重 | B22: % | D22: =IF(D18=0,0,D21/D18) -> 0 | E22: =IF(E18=0,0,E21/E18) -> 0 | F22: =IF(F18=0,0,F21/F18) -> 0 | G22: =IF(G18=0,0,G21/G18) -> 0 | H22: =IF(H18=0,0,H21/H18) -> 0 | I22: =IF(I18=0,0,I21/I18) -> 0 | J22: =IF(J18=0,0,J21/J18) -> 0 | K22: =IF(K18=0,0,K21/K18) -> 0 | ... P22: =IF(P18=0,0,P21/P18) -> 0
A23: 果糖F42折绝干 | B23: t | D23: =D18*0.71 -> 0 | E23: =E18*0.71 -> 0 | F23: =F18*0.71 -> 0 | G23: =G18*0.71 -> 0 | H23: =H18*0.71 -> 0 | I23: =I18*0.71 -> 0 | J23: =J18*0.71 -> 0 | K23: =K18*0.71 -> 0 | ... P23: =P18*0.71 -> 0 | Q23: =P18+P24 -> 58000
A24: 果糖F55(77%) | B24: t | D24: 8000 | E24: 4000 | F24: 4000 | G24: 0 | H24: 8000 | I24: 8000 | J24: 8000 | K24: 8000 | L24: 2000 | M24: 0 | N24: 0 | O24: 8000 | P24: =SUM(D24:O24) -> 58000
A25: 可乐标准 | B25: t | D25: =D24 -> 8000 | E25: =E24 -> 4000 | F25: =F24 -> 4000 | G25: =G24 -> 0 | H25: =H24 -> 8000 | I25: =I24 -> 8000 | J25: =J24 -> 8000 | K25: =K24 -> 8000 | ... O25: =O24 -> 8000 | P25: =SUM(D25:O25) -> 58000
A26: 比重 | B26: % | D26: =IF(D24=0,0,D25/D24) -> 1 | E26: =IF(E24=0,0,E25/E24) -> 1 | F26: =IF(F24=0,0,F25/F24) -> 1 | G26: =IF(G24=0,0,G25/G24) -> 0 | H26: =IF(H24=0,0,H25/H24) -> 1 | I26: =IF(I24=0,0,I25/I24) -> 1 | J26: =IF(J24=0,0,J25/J24) -> 1 | K26: =IF(K24=0,0,K25/K24) -> 1 | ... P26: =IF(P24=0,0,P25/P24) -> 1
A27: 国标 | B27: t | D27: =D24-D25 -> 0 | E27: =E24-E25 -> 0 | F27: =F24-F25 -> 0 | G27: =G24-G25 -> 0 | H27: =H24-H25 -> 0 | I27: =I24-I25 -> 0 | J27: =J24-J25 -> 0 | K27: =K24-K25 -> 0 | ... O27: =O24-O25 -> 0 | P27: =SUM(D27:O27) -> 0
A28: 比重 | B28: % | D28: =IF(D24=0,0,D27/D24) -> 0 | E28: =IF(E24=0,0,E27/E24) -> 0 | F28: =IF(F24=0,0,F27/F24) -> 0 | G28: =IF(G24=0,0,G27/G24) -> 0 | H28: =IF(H24=0,0,H27/H24) -> 0 | I28: =IF(I24=0,0,I27/I24) -> 0 | J28: =IF(J24=0,0,J27/J24) -> 0 | K28: =IF(K24=0,0,K27/K24) -> 0 | ... P28: =IF(P24=0,0,P27/P24) -> 0
A29: 果糖F60(73.5%) | B29: t | P29: =SUM(D29:O29) -> 0
A30: 果糖90(77%) | B30: t | D30: 0 | E30: 0 | F30: 0 | G30: 0 | H30: 99 | I30: 99 | J30: 99 | K30: 0 | L30: 0 | M30: 0 | N30: 0 | O30: 0 | P30: =SUM(D30:O30) -> 297
A31: 果糖F55折绝干 | B31: t | D31: =(D24+D30)*0.77+D29*0.735 -> 6160 | E31: =(E24+E30)*0.77+E29*0.735 -> 3080 | F31: =(F24+F30)*0.77+F29*0.735 -> 3080 | G31: =(G24+G30)*0.77+G29*0.735 -> 0 | H31: =(H24+H30)*0.77+H29*0.735 -> 6236.23 | I31: =(I24+I30)*0.77+I29*0.735 -> 6236.23 | J31: =(J24+J30)*0.77+J29*0.735 -> 6236.23 | K31: =(K24+K30)*0.77+K29*0.735 -> 6160 | ... O31: =(O24+O30)*0.77+O29*0.735 -> 6160 | P31: =SUM(D31:O31) -> 44888.69
A32: 绝干果糖合计 | B32: t | D32: =D23+D31 -> 6160 | E32: =E23+E31 -> 3080 | F32: =F23+F31 -> 3080 | G32: =G23+G31 -> 0 | H32: =H23+H31 -> 6236.23 | I32: =I23+I31 -> 6236.23 | J32: =J23+J31 -> 6236.23 | K32: =K23+K31 -> 6160 | ... P32: =P23+P31 -> 44888.69
A33: 五、辅助材料消耗计划 | D33: =D34/0.87 -> 6549.4253 | E33: =E34/0.87 -> 3274.7126 | F33: =F34/0.87 -> 3274.7126 | G33: =G34/0.87 -> 0 | H33: =H34/0.87 -> 6631.0345 | I33: =I34/0.87 -> 6631.0345 | J33: =J34/0.87 -> 6631.0345 | K33: =K34/0.87 -> 6549.4253 | ... P33: =P34/0.87 -> 47728.736 | Q33: 商品单耗 | S33: 2018年预算
A34: 淀粉(绝干) | B34: t | D34: =ROUND(D35*D$32,0) -> 5698 | E34: =ROUND(E35*E$32,0) -> 2849 | F34: =ROUND(F35*F$32,0) -> 2849 | G34: =ROUND(G35*G$32,0) -> 0 | H34: =ROUND(H35*H$32,0) -> 5769 | I34: =ROUND(I35*I$32,0) -> 5769 | J34: =ROUND(J35*J$32,0) -> 5769 | K34: =ROUND(K35*K$32,0) -> 5698 | ... O34: =ROUND(O35*O$32,0) -> 5698 | P34: =SUM(D34:O34) -> 41524
A35: 单耗 | B35: t/t | D35: 0.925 | E35: 0.925 | F35: 0.925 | H35: 0.925 | I35: 0.925 | J35: 0.925 | K35: 0.925 | L35: 0.925 | O35: 0.925 | P35: =ROUND(IF(P$32=0,0,P34/P$32),3) -> 0.925 | Q35: 0.828 | S35: 0.928
A36: 盐酸(折百) | B36: kg | D36: =ROUND(D37*D$32,2) -> 26180 | E36: =ROUND(E37*E$32,2) -> 13644.4 | F36: =ROUND(F37*F$32,2) -> 13644.4 | G36: =ROUND(G37*G$32,2) -> 0 | H36: =ROUND(H37*H$32,2) -> 26503.98 | I36: =ROUND(I37*I$32,2) -> 26503.98 | J36: =ROUND(J37*J$32,2) -> 26503.98 | K36: =ROUND(K37*K$32,2) -> 26180 | ... O36: =ROUND(O37*O$32,2) -> 26180 | P36: =SUM(D36:O36) -> 192393.94
A37: 单耗 | B37: kg/t | D37: 4.25 | E37: 4.43 | F37: 4.43 | H37: 4.25 | I37: 4.25 | J37: 4.25 | K37: 4.25 | L37: 4.58 | O37: 4.25 | P37: =ROUND(IF(P$32=0,0,P36/P$32),3) -> 4.286 | Q37: 3.3
A38: 氢氧化钠(折百) | B38: kg | D38: =ROUND(D39*D$32,2) -> 33325.6 | E38: =ROUND(E39*E$32,2) -> 17371.2 | F38: =ROUND(F39*F$32,2) -> 17371.2 | G38: =ROUND(G39*G$32,2) -> 0 | H38: =ROUND(H39*H$32,2) -> 33738 | I38: =ROUND(I39*I$32,2) -> 33738 | J38: =ROUND(J39*J$32,2) -> 33738 | K38: =ROUND(K39*K$32,2) -> 33325.6 | ... O38: =ROUND(O39*O$32,2) -> 33325.6 | P38: =SUM(D38:O38) -> 244865.2
A39: 单耗 | B39: kg/t | D39: 5.41 | E39: 5.64 | F39: 5.64 | H39: 5.41 | I39: 5.41 | J39: 5.41 | K39: 5.41 | L39: 5.8 | O39: 5.41 | P39: =ROUND(IF(P$32=0,0,P38/P$32),3) -> 5.455 | Q39: 4.2
A40: 硅藻土 | B40: kg | D40: =ROUND(D41*D$32,2) -> 2402.4 | E40: =ROUND(E41*E$32,2) -> 1232 | F40: =ROUND(F41*F$32,2) -> 1232 | G40: =ROUND(G41*G$32,2) -> 0 | H40: =ROUND(H41*H$32,2) -> 2432.13 | I40: =ROUND(I41*I$32,2) -> 2432.13 | J40: =ROUND(J41*J$32,2) -> 2432.13 | K40: =ROUND(K41*K$32,2) -> 2402.4 | ... O40: =ROUND(O41*O$32,2) -> 2340.8 | P40: =SUM(D40:O40) -> 17552.79
A41: 单耗 | B41: kg/t | D41: 0.39 | E41: 0.4 | F41: 0.4 | H41: 0.39 | I41: 0.39 | J41: 0.39 | K41: 0.39 | L41: 0.42 | O41: 0.38 | P41: =ROUND(IF(P$32=0,0,P40/P$32),3) -> 0.391 | Q41: =P41*0.77 -> 0.30107
A42: 活性炭 | B42: kg | D42: =ROUND(D43*D$32,2) -> 1521.52 | E42: =ROUND(E43*E$32,2) -> 760.76 | F42: =ROUND(F43*F$32,2) -> 760.76 | G42: =ROUND(G43*G$32,2) -> 0 | H42: =ROUND(H43*H$32,2) -> 1540.35 | I42: =ROUND(I43*I$32,2) -> 1540.35 | J42: =ROUND(J43*J$32,2) -> 1540.35 | K42: =ROUND(K43*K$32,2) -> 1521.52 | ... O42: =ROUND(O43*O$32,2) -> 1521.52 | P42: =SUM(D42:O42) -> 11087.51
A43: 单耗 | B43: kg/t | D43: 0.247 | E43: 0.247 | F43: 0.247 | H43: 0.247 | I43: 0.247 | J43: 0.247 | K43: 0.247 | L43: 0.247 | O43: 0.247 | P43: =ROUND(IF(P$32=0,0,P42/P$32),3) -> 0.247 | Q43: =P43*0.77 -> 0.19019
A44: α耐高温淀粉酶 | B44: kg | D44: =ROUND(D45*D$32,2) -> 757.68 | E44: =ROUND(E45*E$32,2) -> 378.84 | F44: =ROUND(F45*F$32,2) -> 378.84 | G44: =ROUND(G45*G$32,2) -> 0 | H44: =ROUND(H45*H$32,2) -> 767.06 | I44: =ROUND(I45*I$32,2) -> 767.06 | J44: =ROUND(J45*J$32,2) -> 767.06 | K44: =ROUND(K45*K$32,2) -> 757.68 | ... O44: =ROUND(O45*O$32,2) -> 757.68 | P44: =SUM(D44:O44) -> 5521.32
A45: 单耗 | B45: kg/t | D45: 0.123 | E45: 0.123 | F45: 0.123 | H45: 0.123 | I45: 0.123 | J45: 0.123 | K45: 0.123 | L45: 0.123 | O45: 0.123 | P45: =ROUND(IF(P$32=0,0,P44/P$32),3) -> 0.123 | Q45: 0.095
A46: 复合糖化酶 | B46: kg | D46: =ROUND(D47*D$32,2) -> 1601.6 | E46: =ROUND(E47*E$32,2) -> 800.8 | F46: =ROUND(F47*F$32,2) -> 800.8 | G46: =ROUND(G47*G$32,2) -> 0 | H46: =ROUND(H47*H$32,2) -> 1621.42 | I46: =ROUND(I47*I$32,2) -> 1621.42 | J46: =ROUND(J47*J$32,2) -> 1621.42 | K46: =ROUND(K47*K$32,2) -> 1601.6 | ... O46: =ROUND(O47*O$32,2) -> 1601.6 | P46: =SUM(D46:O46) -> 11671.06
A47: 单耗 | B47: kg/t | D47: 0.26 | E47: 0.26 | F47: 0.26 | H47: 0.26 | I47: 0.26 | J47: 0.26 | K47: 0.26 | L47: 0.26 | O47: 0.26 | P47: =ROUND(IF(P$32=0,0,P46/P$32),3) -> 0.26 | Q47: 0.2
A48: 异构酶 | B48: kg | D48: =ROUND(D49*D$32,2) -> 640.64 | E48: =ROUND(E49*E$32,2) -> 320.32 | F48: =ROUND(F49*F$32,2) -> 320.32 | G48: =ROUND(G49*G$32,2) -> 0 | H48: =ROUND(H49*H$32,2) -> 648.57 | I48: =ROUND(I49*I$32,2) -> 648.57 | J48: =ROUND(J49*J$32,2) -> 648.57 | K48: =ROUND(K49*K$32,2) -> 640.64 | ... O48: =ROUND(O49*O$32,2) -> 640.64 | P48: =SUM(D48:O48) -> 4668.43
A49: 单耗 | B49: kg/t | D49: 0.104 | E49: 0.104 | F49: 0.104 | H49: 0.104 | I49: 0.104 | J49: 0.104 | K49: 0.104 | L49: 0.104 | O49: 0.104 | P49: =ROUND(IF(P$32=0,0,P48/P$32),3) -> 0.104 | Q49: =P49*0.77 -> 0.08008
A50: 硫酸镁（食品级） | B50: kg | D50: =ROUND(D51*D$32,2) -> 1971.2 | E50: =ROUND(E51*E$32,2) -> 1047.2 | F50: =ROUND(F51*F$32,2) -> 1047.2 | G50: =ROUND(G51*G$32,2) -> 0 | H50: =ROUND(H51*H$32,2) -> 1995.59 | I50: =ROUND(I51*I$32,2) -> 1995.59 | J50: =ROUND(J51*J$32,2) -> 1995.59 | K50: =ROUND(K51*K$32,2) -> 1971.2 | ... O50: =ROUND(O51*O$32,2) -> 1971.2 | P50: =SUM(D50:O50) -> 14533.77
A51: 单耗 | B51: kg/t | D51: 0.32 | E51: 0.34 | F51: 0.34 | H51: 0.32 | I51: 0.32 | J51: 0.32 | K51: 0.32 | L51: 0.35 | O51: 0.32 | P51: =ROUND(IF(P$32=0,0,P50/P$32),3) -> 0.324 | Q51: =P51*0.77 -> 0.24948
A52: 焦亚硫酸钠（食品级） | B52: kg | D52: =ROUND(D53*D$32,2) -> 1971.2 | E52: =ROUND(E53*E$32,2) -> 1047.2 | F52: =ROUND(F53*F$32,2) -> 1047.2 | G52: =ROUND(G53*G$32,2) -> 0 | H52: =ROUND(H53*H$32,2) -> 1995.59 | I52: =ROUND(I53*I$32,2) -> 1995.59 | J52: =ROUND(J53*J$32,2) -> 1995.59 | K52: =ROUND(K53*K$32,2) -> 1971.2 | ... O52: =ROUND(O53*O$32,2) -> 1971.2 | P52: =SUM(D52:O52) -> 14533.77
A53: 单耗 | B53: kg/t | D53: 0.32 | E53: 0.34 | F53: 0.34 | H53: 0.32 | I53: 0.32 | J53: 0.32 | K53: 0.32 | L53: 0.35 | O53: 0.32 | P53: =ROUND(IF(P$32=0,0,P52/P$32),3) -> 0.324 | Q53: =P53*0.77 -> 0.24948
A54: 六、能源动力消耗计划
A55: 水 | B55: t | D55: =ROUND(D56*D$32,0) -> 21930 | E55: =ROUND(E56*E$32,0) -> 11427 | F55: =ROUND(F56*F$32,0) -> 11427 | G55: =ROUND(G56*G$32,0) -> 0 | H55: =ROUND(H56*H$32,0) -> 22201 | I55: =ROUND(I56*I$32,0) -> 22201 | J55: =ROUND(J56*J$32,0) -> 22201 | K55: =ROUND(K56*K$32,0) -> 21930 | ... O55: =ROUND(O56*O$32,0) -> 21930 | P55: =SUM(D55:O55) -> 161145
A56: 单耗 | B56: t/t | D56: 3.56 | E56: 3.71 | F56: 3.71 | H56: 3.56 | I56: 3.56 | J56: 3.56 | K56: 3.56 | L56: 3.83 | O56: 3.56 | P56: =ROUND(IF(P$32=0,0,P55/P$32),3) -> 3.59 | Q56: 2.76
A57: 电 | B57: 万Kw.h | D57: =ROUND(D58*D$32,0)/10000 -> 62.832 | E57: =ROUND(E58*E$32,0)/10000 -> 32.648 | F57: =ROUND(F58*F$32,0)/10000 -> 32.648 | G57: =ROUND(G58*G$32,0)/10000 -> 0 | H57: =ROUND(H58*H$32,0)/10000 -> 63.6095 | I57: =ROUND(I58*I$32,0)/10000 -> 63.6095 | J57: =ROUND(J58*J$32,0)/10000 -> 63.6095 | K57: =ROUND(K58*K$32,0)/10000 -> 62.832 | ... O57: =ROUND(O58*O$32,0)/10000 -> 62.832 | P57: =SUM(D57:O57) -> 460.9445
A58: 单耗 | B58: Kw.h/t | D58: 102 | E58: 106 | F58: 106 | H58: 102 | I58: 102 | J58: 102 | K58: 102 | L58: 106 | O58: 102 | P58: =ROUND(IF(P$32=0,0,P57/P$32*10000),3) -> 102.686 | Q58: 79
A59: 蒸汽 | B59: t | D59: =ROUND(D60*D$32,0) -> 2156 | E59: =ROUND(E60*E$32,0) -> 1109 | F59: =ROUND(F60*F$32,0) -> 1109 | G59: =ROUND(G60*G$32,0) -> 0 | H59: =ROUND(H60*H$32,0) -> 2158 | I59: =ROUND(I60*I$32,0) -> 2158 | J59: =ROUND(J60*J$32,0) -> 2158 | K59: =ROUND(K60*K$32,0) -> 2131 | ... O59: =ROUND(O60*O$32,0) -> 2156 | P59: =SUM(D59:O59) -> 15720
A60: 单耗 | B60: t/t | D60: 0.35 | E60: 0.36 | F60: 0.36 | H60: 0.346 | I60: 0.346 | J60: 0.346 | K60: 0.346 | L60: 0.38 | O60: 0.35 | P60: =ROUND(IF(P$32=0,0,P59/P$32),3) -> 0.35 | Q60: 0.27
A61: 天然气 | B61: M3 | D61: =ROUND(D62*D$32,0) -> 4805 | E61: =ROUND(E62*E$32,0) -> 2433 | F61: =ROUND(F62*F$32,0) -> 2433 | G61: =ROUND(G62*G$32,0) -> 0 | H61: =ROUND(H62*H$32,0) -> 4864 | I61: =ROUND(I62*I$32,0) -> 4864 | J61: =ROUND(J62*J$32,0) -> 4864 | K61: =ROUND(K62*K$32,0) -> 4805 | ... O61: =ROUND(O62*O$32,0) -> 4805 | P61: =SUM(D61:O61) -> 35090
A62: 单耗 | B62: M3/t | D62: 0.78 | E62: 0.79 | F62: 0.79 | H62: 0.78 | I62: 0.78 | J62: 0.78 | K62: 0.78 | L62: 0.79 | O62: 0.78 | P62: =ROUND(IF(P$32=0,0,P61/P$32),3) -> 0.782 | Q62: 0.6
A63: 七、污水排放计划
A64: 排水总量 | B64: m3 | D64: =ROUND((D32)*3.2,0) -> 19712 | E64: =ROUND((E32)*3.2,0) -> 9856 | F64: =ROUND((F32)*3.2,0) -> 9856 | G64: =ROUND((G32)*3.2,0) -> 0 | H64: =ROUND((H32)*3.2,0) -> 19956 | I64: =ROUND((I32)*3.2,0) -> 19956 | J64: =ROUND((J32)*3.2,0) -> 19956 | K64: =ROUND((K32)*3.2,0) -> 19712 | ... O64: =ROUND((O32)*3.2,0) -> 19712 | P64: =SUM(D64:O64) -> 143644
A65: COD总量 | B65: t | D65: =D64*D66/1000000 -> 43.3664 | E65: =E64*E66/1000000 -> 21.6832 | F65: =F64*F66/1000000 -> 21.6832 | G65: =G64*G66/1000000 -> 0 | H65: =H64*H66/1000000 -> 43.9032 | I65: =I64*I66/1000000 -> 43.9032 | J65: =J64*J66/1000000 -> 43.9032 | K65: =K64*K66/1000000 -> 43.3664 | ... P65: =P64*P66/1000000 -> 316.0168
A66: COD浓度 | B66: mg/l | D66: 2200 | E66: 2200 | F66: 2200 | H66: 2200 | I66: 2200 | J66: 2200 | K66: 2200 | L66: 2200 | O66: 2200 | P66: 2200
A67: SS总量 | B67: t | D67: =D64*D68/1000000 -> 0 | E67: =E64*E68/1000000 -> 0 | F67: =F64*F68/1000000 -> 0 | G67: =G64*G68/1000000 -> 0 | H67: =H64*H68/1000000 -> 0 | I67: =I64*I68/1000000 -> 0 | J67: =J64*J68/1000000 -> 0 | K67: =K64*K68/1000000 -> 0 | ... P67: =P64*P68/1000000 -> 0
A68: SS浓度 | B68: mg/l
A69: 八、包装形式
A70: 果糖F42 | D70: =D18 -> 0 | E70: =E18 -> 0 | F70: =F18 -> 0 | G70: =G18 -> 0 | H70: =H18 -> 0 | I70: =I18 -> 0 | J70: =J18 -> 0 | K70: =K18 -> 0 | ... O70: =O18 -> 0 | P70: =SUM(D70:O70) -> 0
A71: 吨箱 | P71: =SUM(D71:O71) -> 0
A72: 槽车 | D72: =D70-D71-D73 -> 0 | E72: =E70-E71-E73 -> 0 | F72: =F70-F71-F73 -> 0 | G72: =G70-G71-G73 -> 0 | H72: =H70-H71-H73 -> 0 | I72: =I70-I71-I73 -> 0 | J72: =J70-J71-J73 -> 0 | K72: =K70-K71-K73 -> 0 | ... O72: =O70-O71-O73 -> 0 | P72: =SUM(D72:O72) -> 0
A73: 液袋 | P73: =SUM(D73:O73) -> 0
A74: 果糖F55 | D74: =D24 -> 8000 | E74: =E24 -> 4000 | F74: =F24 -> 4000 | G74: =G24 -> 0 | H74: =H24 -> 8000 | I74: =I24 -> 8000 | J74: =J24 -> 8000 | K74: =K24 -> 8000 | ... O74: =O24 -> 8000 | P74: =SUM(D74:O74) -> 58000
A75: 吨箱 | P75: =SUM(D75:O75) -> 0
A76: 槽车 | P76: =SUM(D76:O76) -> 0
A77: 液袋 | D77: =D74-D75-D76 -> 8000 | E77: =E74-E75-E76 -> 4000 | F77: =F74-F75-F76 -> 4000 | G77: =G74-G75-G76 -> 0 | H77: =H74-H75-H76 -> 8000 | I77: =I74-I75-I76 -> 8000 | J77: =J74-J75-J76 -> 8000 | K77: =K74-K75-K76 -> 8000 | ... O77: =O74-O75-O76 -> 8000 | P77: =SUM(D77:O77) -> 58000
A78: 果糖F60(73.5%) | D78: =D29 -> 0 | E78: =E29 -> 0 | F78: =F29 -> 0 | G78: =G29 -> 0 | H78: =H29 -> 0 | I78: =I29 -> 0 | J78: =J29 -> 0 | K78: =K29 -> 0 | ... O78: =O29 -> 0 | P78: =SUM(D78:O78) -> 0
A79: 吨箱 | P79: =SUM(D79:O79) -> 0
A80: 槽车 | D80: =D78-D79 -> 0 | E80: =E78-E79 -> 0 | F80: =F78-F79 -> 0 | G80: =G78-G79 -> 0 | H80: =H78-H79 -> 0 | I80: =I78-I79 -> 0 | J80: =J78-J79 -> 0 | K80: =K78-K79 -> 0 | ... O80: =O78-O79 -> 0 | P80: =SUM(D80:O80) -> 0
A81: 液袋 | D81: =D78-D79-D80 -> 0 | E81: =E78-E79-E80 -> 0 | F81: =F78-F79-F80 -> 0 | G81: =G78-G79-G80 -> 0 | H81: =H78-H79-H80 -> 0 | I81: =I78-I79-I80 -> 0 | J81: =J78-J79-J80 -> 0 | K81: =K78-K79-K80 -> 0 | ... O81: =O78-O79-O80 -> 0 | P81: =SUM(D81:O81) -> 0
A82: 主管副总： | H82: 部门经理： | N82: 编制：
A83: 注：表格中绿色部分为自动计算，原则上不允许修改，如需修改请及时与财务部预算处相关预算员沟通。
A84: 总果糖产量 | D84: =D18+D24+D29+D30 -> 8000 | E84: =E18+E24+E29+E30 -> 4000 | F84: =F18+F24+F29+F30 -> 4000 | G84: =G18+G24+G29+G30 -> 0 | H84: =H18+H24+H29+H30 -> 8099 | I84: =I18+I24+I29+I30 -> 8099 | J84: =J18+J24+J29+J30 -> 8099 | K84: =K18+K24+K29+K30 -> 8000 | ... P84: =P18+P24+P29+P30 -> 58297
D87: =D6/24 -> 31 | E87: =E6/24 -> 28 | F87: =F6/24 -> 31 | G87: =G6/24 -> 30 | H87: =H6/24 -> 31 | I87: =I6/24 -> 30 | J87: =J6/24 -> 31 | K87: =K6/24 -> 31 | ... P87: =P6/24 -> 365

Sheet 果糖二线
A1: 生产技术部果糖二线年度生产计划(2025年)
P2: =果糖一线!P2 -> 日 期：2024年9月10日
A3: 项 目 | B3: 单位 | C3: 指标 | D3: =果糖一线!D3 -> 2025年预算
D4: 1月 | E4: 2月 | F4: 3月 | G4: 4月 | H4: 5月 | I4: 6月 | J4: 7月 | K4: 8月 | L4: 9月 | M4: 10月 | N4: 11月 | O4: 12月 | P4: 合计
A5: 一、工时计划
A6: 日历时数 | B6: h | D6: 744 | E6: 672 | F6: 744 | G6: 720 | H6: 744 | I6: 720 | J6: 744 | K6: 744 | L6: 720 | M6: 744 | N6: 720 | O6: 744 | P6: =SUM(D6:O6) -> 8760
A7: 计划工时 | B7: h | D7: =D6-D9 -> 664 | E7: =E6-E9 -> 402 | F7: =F6-F9 -> 744 | G7: =G6-G9 -> 720 | H7: =H6-H9 -> 744 | I7: =I6-I9 -> 720 | J7: =J6-J9 -> 744 | K7: =K6-K9 -> 744 | ... O7: =O6-O9 -> 744 | P7: =SUM(D7:O7) -> 8410
A8: 计划工时 | B8: 天 | D8: =D7/24 -> 27.666667 | E8: =E7/24 -> 16.75 | F8: =F7/24 -> 31 | G8: =G7/24 -> 30 | H8: =H7/24 -> 31 | I8: =I7/24 -> 30 | J8: =J7/24 -> 31 | K8: =K7/24 -> 31 | ... P8: =P7/24 -> 350.41667
A9: 停车时数 | B9: h | D9: =SUM(D10:D12) -> 80 | E9: =SUM(E10:E12) -> 270 | F9: =SUM(F10:F12) -> 0 | G9: =SUM(G10:G12) -> 0 | H9: =SUM(H10:H12) -> 0 | I9: =SUM(I10:I12) -> 0 | J9: =SUM(J10:J12) -> 0 | K9: =SUM(K10:K12) -> 0 | ... O9: =SUM(O10:O12) -> 0 | P9: =SUM(D9:O9) -> 350
A10: 计划停车 | B10: h | D10: 80 | E10: 270 | P10: =SUM(D10:O10) -> 350
A11: 非计划停车 | B11: h | P11: =SUM(D11:O11) -> 0
A12: 外部原因停车 | B12: h | P12: =SUM(D12:O12) -> 0
A13: 二、绝干收率 | D13: 17770.53 | E13: 10294.02 | F13: 18916.06 | G13: 19854.89 | H13: 20955.58 | I13: 22338.71 | J13: 23671.67 | K13: 23070.54 | L13: 19579.87 | M13: 10673.08 | N13: 13104.99 | O13: 19770.74
A14: 果糖 | B14: % | D14: =IF(D35=0,0,1/D35) -> 1.0799136 | E14: =IF(E35=0,0,1/E35) -> 1.0799136 | F14: =IF(F35=0,0,1/F35) -> 1.0799136 | G14: =IF(G35=0,0,1/G35) -> 1.0799136 | H14: =IF(H35=0,0,1/H35) -> 1.0799136 | I14: =IF(I35=0,0,1/I35) -> 1.0799136 | J14: =IF(J35=0,0,1/J35) -> 1.0799136 | K14: =IF(K35=0,0,1/K35) -> 1.0799136 | ... P14: =IF(P35=0,0,1/P35) -> 1.0799136
A15: 三、生产负荷计划 | P15: =SUM(D15:O15) -> 0
A16: 果糖装置 | B16: % | D16: =IF(D7=0,0,(D18+D24+D29)/D7/480*24) -> 0.92366235 | E16: =IF(E7=0,0,(E18+E24+E29)/E7/480*24) -> 0.91523134 | F16: =IF(F7=0,0,(F18+F24+F29)/F7/480*24) -> 0.7077293 | G16: =IF(G7=0,0,(G18+G24+G29)/G7/480*24) -> 0.76685569 | H16: =IF(H7=0,0,(H18+H24+H29)/H7/480*24) -> 0.73045645 | I16: =IF(I7=0,0,(I18+I24+I29)/I7/480*24) -> 0.77166694 | J16: =IF(J7=0,0,(J18+J24+J29)/J7/480*24) -> 0.76670941 | K16: =IF(K7=0,0,(K18+K24+K29)/K7/480*24) -> 0.76379704 | ... P16: =IF(P7=0,0,(P18+P24+P29)/P7/480*24) -> 0.73567219 | Q16: ？？算法确认
A17: 四、产品产量 | D17: =D18+D24+D29+D30+果糖一线!D17 -> 20266.236 | E17: =E18+E24+E29+E30 -> 7358.46 | F17: =F18+F24+F29+F30 -> 10531.012 | G17: =G18+G24+G29+G30 -> 11042.722 | H17: =H18+H24+H29+H30 -> 10869.192 | I17: =I18+I24+I29+I30 -> 11112.004 | J17: =J18+J24+J29+J30 -> 11408.636 | K17: =K18+K24+K29+K30 -> 11365.3 | L17: =L18+L24+L29+L30 -> 11278 | ... O17: =O18+O24+O29+O30 -> 8934.5 | P17: =SUM(D17:O17) -> 131740.06
A18: 果糖F42(71%) | B18: t | D18: 343.5 | E18: 52.5 | F18: 75 | G18: 107 | H18: 171 | I18: 313.5 | J18: 489.5 | K18: 457.5 | L18: 351 | M18: 327 | N18: 75 | O18: 97.5 | P18: =SUM(D18:O18) -> 2860
A19: 可乐标准 | B19: t | D19: 0 | E19: 0 | F19: 0 | G19: 0 | H19: 0 | I19: 0 | J19: 0 | K19: 0 | L19: 0 | M19: 0 | N19: 0 | O19: 0 | P19: =SUM(D19:O19) -> 0
A20: 比重 | B20: % | D20: =IF(D18=0,0,D19/D18) -> 0 | E20: =IF(E18=0,0,E19/E18) -> 0 | F20: =IF(F18=0,0,F19/F18) -> 0 | G20: =IF(G18=0,0,G19/G18) -> 0 | H20: =IF(H18=0,0,H19/H18) -> 0 | I20: =IF(I18=0,0,I19/I18) -> 0 | J20: =IF(J18=0,0,J19/J18) -> 0 | K20: =IF(K18=0,0,K19/K18) -> 0 | ... P20: =IF(P18=0,0,P19/P18) -> 0
A21: 国标 | B21: t | D21: =D18-D19 -> 343.5 | E21: =E18-E19 -> 52.5 | F21: =F18-F19 -> 75 | G21: =G18-G19 -> 107 | H21: =H18-H19 -> 171 | I21: =I18-I19 -> 313.5 | J21: =J18-J19 -> 489.5 | K21: =K18-K19 -> 457.5 | ... O21: =O18-O19 -> 97.5 | P21: =SUM(D21:O21) -> 2860
A22: 比重 | B22: % | D22: =IF(D18=0,0,D21/D18) -> 1 | E22: =IF(E18=0,0,E21/E18) -> 1 | F22: =IF(F18=0,0,F21/F18) -> 1 | G22: =IF(G18=0,0,G21/G18) -> 1 | H22: =IF(H18=0,0,H21/H18) -> 1 | I22: =IF(I18=0,0,I21/I18) -> 1 | J22: =IF(J18=0,0,J21/J18) -> 1 | K22: =IF(K18=0,0,K21/K18) -> 1 | ... P22: =IF(P18=0,0,P21/P18) -> 1
A23: 果糖F42折绝干 | B23: t | D23: =D18*0.71 -> 243.885 | E23: =E18*0.71 -> 37.275 | F23: =F18*0.71 -> 53.25 | G23: =G18*0.71 -> 75.97 | H23: =H18*0.71 -> 121.41 | I23: =I18*0.71 -> 222.585 | J23: =J18*0.71 -> 347.545 | K23: =K18*0.71 -> 324.825 | ... P23: =P18*0.71 -> 2030.6 | Q23: =P18+P24 -> 114860
A24: 果糖F55(77%) | B24: t | D24: 11000 | E24: 7000 | F24: 10000 | G24: 10000 | H24: 10000 | I24: 10000 | J24: 10000 | K24: 10000 | L24: 10000 | M24: 8000 | N24: 8000 | O24: 8000 | P24: =SUM(D24:O24) -> 112000
A25: 可乐标准 | B25: t | D25: =D24 -> 11000 | E25: =E24 -> 7000 | F25: =F24 -> 10000 | G25: =G24 -> 10000 | H25: =H24 -> 10000 | I25: =I24 -> 10000 | J25: =J24 -> 10000 | K25: =K24 -> 10000 | ... O25: =O24 -> 8000 | P25: =SUM(D25:O25) -> 112000
A26: 比重 | B26: % | D26: =IF(D24=0,0,D25/D24) -> 1 | E26: =IF(E24=0,0,E25/E24) -> 1 | F26: =IF(F24=0,0,F25/F24) -> 1 | G26: =IF(G24=0,0,G25/G24) -> 1 | H26: =IF(H24=0,0,H25/H24) -> 1 | I26: =IF(I24=0,0,I25/I24) -> 1 | J26: =IF(J24=0,0,J25/J24) -> 1 | K26: =IF(K24=0,0,K25/K24) -> 1 | ... P26: =IF(P24=0,0,P25/P24) -> 1
A27: 国标 | B27: t | D27: =D24-D25 -> 0 | E27: =E24-E25 -> 0 | F27: =F24-F25 -> 0 | G27: =G24-G25 -> 0 | H27: =H24-H25 -> 0 | I27: =I24-I25 -> 0 | J27: =J24-J25 -> 0 | K27: =K24-K25 -> 0 | ... O27: =O24-O25 -> 0 | P27: =SUM(D27:O27) -> 0
A28: 比重 | B28: % | D28: =IF(D24=0,0,D27/D24) -> 0 | E28: =IF(E24=0,0,E27/E24) -> 0 | F28: =IF(F24=0,0,F27/F24) -> 0 | G28: =IF(G24=0,0,G27/G24) -> 0 | H28: =IF(H24=0,0,H27/H24) -> 0 | I28: =IF(I24=0,0,I27/I24) -> 0 | J28: =IF(J24=0,0,J27/J24) -> 0 | K28: =IF(K24=0,0,K27/K24) -> 0 | ... P28: =IF(P24=0,0,P27/P24) -> 0
A29: 果糖F60(73.5%) | B29: t | D29: 922.736 | E29: 305.96 | F29: 456.012 | G29: 935.722 | H29: 698.192 | I29: 798.504 | J29: 919.136 | K29: 907.8 | L29: 927 | M29: 535 | N29: 637 | O29: 837 | P29: =SUM(D29:O29) -> 8880.062
A30: 果糖90(77%) | D30: 0 | E30: 0 | F30: 0 | G30: 0 | H30: 0 | I30: 0 | J30: 0 | K30: 0 | L30: 0 | M30: 0 | N30: 0 | O30: 0 | P30: =SUM(D30:O30) -> 0
A31: 果糖F55折绝干 | B31: t | D31: =(D24+D30)*0.77+D29*0.735 -> 9148.211 | E31: =(E24+E30)*0.77+E29*0.735 -> 5614.8806 | F31: =(F24+F30)*0.77+F29*0.735 -> 8035.1688 | G31: =(G24+G30)*0.77+G29*0.735 -> 8387.7557 | H31: =(H24+H30)*0.77+H29*0.735 -> 8213.1711 | I31: =(I24+I30)*0.77+I29*0.735 -> 8286.9004 | J31: =(J24+J30)*0.77+J29*0.735 -> 8375.565 | K31: =(K24+K30)*0.77+K29*0.735 -> 8367.233 | ... O31: =(O24+O30)*0.77+O29*0.735 -> 6775.195 | P31: =SUM(D31:O31) -> 92766.846
A32: 绝干果糖合计 | B32: t | D32: =D23+D31 -> 9392.096 | E32: =E23+E31 -> 5652.1556 | F32: =F23+F31 -> 8088.4188 | G32: =G23+G31 -> 8463.7257 | H32: =H23+H31 -> 8334.5811 | I32: =I23+I31 -> 8509.4854 | J32: =J23+J31 -> 8723.11 | K32: =K23+K31 -> 8692.058 | ... P32: =P23+P31 -> 94797.446
A33: 五、辅助材料消耗计划 | D33: =D34/0.87 -> 9996.5517 | E33: =E34/0.87 -> 6016.092 | F33: =F34/0.87 -> 8609.1954 | G33: =G34/0.87 -> 9008.046 | H33: =H34/0.87 -> 8871.2644 | I33: =I34/0.87 -> 9057.4713 | J33: =J34/0.87 -> 9285.0575 | K33: =K34/0.87 -> 9251.7241 | ... P33: =P34/0.87 -> 100900 | Q33: 商品单耗
A34: 淀粉(绝干) | B34: t | D34: =ROUND(D35*D$32,0) -> 8697 | E34: =ROUND(E35*E$32,0) -> 5234 | F34: =ROUND(F35*F$32,0) -> 7490 | G34: =ROUND(G35*G$32,0) -> 7837 | H34: =ROUND(H35*H$32,0) -> 7718 | I34: =ROUND(I35*I$32,0) -> 7880 | J34: =ROUND(J35*J$32,0) -> 8078 | K34: =ROUND(K35*K$32,0) -> 8049 | ... O34: =ROUND(O35*O$32,0) -> 6338 | P34: =SUM(D34:O34) -> 87783
A35: 单耗 | B35: t/t | D35: 0.926 | E35: 0.926 | F35: 0.926 | G35: 0.926 | H35: 0.926 | I35: 0.926 | J35: 0.926 | K35: 0.926 | L35: 0.926 | M35: 0.926 | N35: 0.926 | O35: 0.926 | P35: =ROUND(IF(P$32=0,0,P34/P$32),3) -> 0.926 | Q35: 0.829
A36: 盐酸(折百) | B36: kg | D36: =ROUND(D37*D$32,2) -> 34750.76 | E36: =ROUND(E37*E$32,2) -> 21647.76 | F36: =ROUND(F37*F$32,2) -> 30412.45 | G36: =ROUND(G37*G$32,2) -> 31823.61 | H36: =ROUND(H37*H$32,2) -> 31338.03 | I36: =ROUND(I37*I$32,2) -> 31995.67 | J36: =ROUND(J37*J$32,2) -> 32798.89 | K36: =ROUND(K37*K$32,2) -> 32682.14 | ... O36: =ROUND(O37*O$32,2) -> 26008.8 | P36: =SUM(D36:O36) -> 357082.99
A37: 单耗 | B37: kg/t | D37: 3.7 | E37: 3.83 | F37: 3.76 | G37: 3.76 | H37: 3.76 | I37: 3.76 | J37: 3.76 | K37: 3.76 | L37: 3.76 | M37: 3.8 | N37: 3.8 | O37: 3.8 | P37: =ROUND(IF(P$32=0,0,P36/P$32),3) -> 3.767 | Q37: 2.9
A38: 氢氧化钠(折百) | B38: kg | D38: =ROUND(D39*D$32,2) -> 38319.75 | E38: =ROUND(E39*E$32,2) -> 23908.62 | F38: =ROUND(F39*F$32,2) -> 33566.94 | G38: =ROUND(G39*G$32,2) -> 35124.46 | H38: =ROUND(H39*H$32,2) -> 34588.51 | I38: =ROUND(I39*I$32,2) -> 35314.36 | J38: =ROUND(J39*J$32,2) -> 36200.91 | K38: =ROUND(K39*K$32,2) -> 36072.04 | ... O38: =ROUND(O39*O$32,2) -> 28678.12 | P38: =SUM(D38:O38) -> 394016.57
A39: 单耗 | B39: kg/t | D39: 4.08 | E39: 4.23 | F39: 4.15 | G39: 4.15 | H39: 4.15 | I39: 4.15 | J39: 4.15 | K39: 4.15 | L39: 4.15 | M39: 4.19 | N39: 4.19 | O39: 4.19 | P39: =ROUND(IF(P$32=0,0,P38/P$32),3) -> 4.156 | Q39: 3.2
A40: 硅藻土 | B40: kg | D40: =ROUND(D41*D$32,2) -> 3569 | E40: =ROUND(E41*E$32,2) -> 2260.86 | F40: =ROUND(F41*F$32,2) -> 3154.48 | G40: =ROUND(G41*G$32,2) -> 3300.85 | H40: =ROUND(H41*H$32,2) -> 3250.49 | I40: =ROUND(I41*I$32,2) -> 3318.7 | J40: =ROUND(J41*J$32,2) -> 3402.01 | K40: =ROUND(K41*K$32,2) -> 3389.9 | ... O40: =ROUND(O41*O$32,2) -> 2669.32 | P40: =SUM(D40:O40) -> 36933.59
A41: 单耗 | B41: kg/t | D41: 0.38 | E41: 0.4 | F41: 0.39 | G41: 0.39 | H41: 0.39 | I41: 0.39 | J41: 0.39 | K41: 0.39 | L41: 0.39 | M41: 0.39 | N41: 0.39 | O41: 0.39 | P41: =ROUND(IF(P$32=0,0,P40/P$32),3) -> 0.39 | Q41: 0.3
A42: 活性炭 | B42: kg | D42: =ROUND(D43*D$32,2) -> 2319.85 | E42: =ROUND(E43*E$32,2) -> 1396.08 | F42: =ROUND(F43*F$32,2) -> 1997.84 | G42: =ROUND(G43*G$32,2) -> 2090.54 | H42: =ROUND(H43*H$32,2) -> 2058.64 | I42: =ROUND(I43*I$32,2) -> 2101.84 | J42: =ROUND(J43*J$32,2) -> 2154.61 | K42: =ROUND(K43*K$32,2) -> 2146.94 | ... O42: =ROUND(O43*O$32,2) -> 1690.57 | P42: =SUM(D42:O42) -> 23414.97
A43: 单耗 | B43: kg/t | D43: 0.247 | E43: 0.247 | F43: 0.247 | G43: 0.247 | H43: 0.247 | I43: 0.247 | J43: 0.247 | K43: 0.247 | L43: 0.247 | M43: 0.247 | N43: 0.247 | O43: 0.247 | P43: =ROUND(IF(P$32=0,0,P42/P$32),3) -> 0.247 | Q43: 0.19
A44: α耐高温淀粉酶 | B44: kg | D44: =ROUND(D45*D$32,2) -> 1587.26 | E44: =ROUND(E45*E$32,2) -> 955.21 | F44: =ROUND(F45*F$32,2) -> 1366.94 | G44: =ROUND(G45*G$32,2) -> 1430.37 | H44: =ROUND(H45*H$32,2) -> 1408.54 | I44: =ROUND(I45*I$32,2) -> 1438.1 | J44: =ROUND(J45*J$32,2) -> 1474.21 | K44: =ROUND(K45*K$32,2) -> 1468.96 | ... O44: =ROUND(O45*O$32,2) -> 1156.71 | P44: =SUM(D44:O44) -> 16020.75
A45: 单耗 | B45: kg/t | D45: 0.169 | E45: 0.169 | F45: 0.169 | G45: 0.169 | H45: 0.169 | I45: 0.169 | J45: 0.169 | K45: 0.169 | L45: 0.169 | M45: 0.169 | N45: 0.169 | O45: 0.169 | P45: =ROUND(IF(P$32=0,0,P44/P$32),3) -> 0.169 | Q45: 0.13
A46: 复合糖化酶 | B46: kg | D46: =ROUND(D47*D$32,2) -> 2441.94 | E46: =ROUND(E47*E$32,2) -> 1469.56 | F46: =ROUND(F47*F$32,2) -> 2102.99 | G46: =ROUND(G47*G$32,2) -> 2200.57 | H46: =ROUND(H47*H$32,2) -> 2166.99 | I46: =ROUND(I47*I$32,2) -> 2212.47 | J46: =ROUND(J47*J$32,2) -> 2268.01 | K46: =ROUND(K47*K$32,2) -> 2259.94 | ... O46: =ROUND(O47*O$32,2) -> 1779.55 | P46: =SUM(D46:O46) -> 24647.34
A47: 单耗 | B47: kg/t | D47: 0.26 | E47: 0.26 | F47: 0.26 | G47: 0.26 | H47: 0.26 | I47: 0.26 | J47: 0.26 | K47: 0.26 | L47: 0.26 | M47: 0.26 | N47: 0.26 | O47: 0.26 | P47: =ROUND(IF(P$32=0,0,P46/P$32),3) -> 0.26 | Q47: 0.2
A48: 异构酶 | B48: kg | D48: =ROUND(D49*D$32,2) -> 976.78 | E48: =ROUND(E49*E$32,2) -> 587.82 | F48: =ROUND(F49*F$32,2) -> 841.2 | G48: =ROUND(G49*G$32,2) -> 880.23 | H48: =ROUND(H49*H$32,2) -> 866.8 | I48: =ROUND(I49*I$32,2) -> 884.99 | J48: =ROUND(J49*J$32,2) -> 907.2 | K48: =ROUND(K49*K$32,2) -> 903.97 | ... O48: =ROUND(O49*O$32,2) -> 711.82 | P48: =SUM(D48:O48) -> 9858.94
A49: 单耗 | B49: kg/t | D49: 0.104 | E49: 0.104 | F49: 0.104 | G49: 0.104 | H49: 0.104 | I49: 0.104 | J49: 0.104 | K49: 0.104 | L49: 0.104 | M49: 0.104 | N49: 0.104 | O49: 0.104 | P49: =ROUND(IF(P$32=0,0,P48/P$32),3) -> 0.104 | Q49: =P49*0.77 -> 0.08008
A50: 硫酸镁（食品级） | B50: kg | D50: =ROUND(D51*D$32,2) -> 3296.63 | E50: =ROUND(E51*E$32,2) -> 2034.78 | F50: =ROUND(F51*F$32,2) -> 2839.04 | G50: =ROUND(G51*G$32,2) -> 2970.77 | H50: =ROUND(H51*H$32,2) -> 2925.44 | I50: =ROUND(I51*I$32,2) -> 2986.83 | J50: =ROUND(J51*J$32,2) -> 3061.81 | K50: =ROUND(K51*K$32,2) -> 3050.91 | ... O50: =ROUND(O51*O$32,2) -> 2402.39 | P50: =SUM(D50:O50) -> 33324.78
A51: 单耗 | B51: kg/t | D51: 0.351 | E51: 0.36 | F51: 0.351 | G51: 0.351 | H51: 0.351 | I51: 0.351 | J51: 0.351 | K51: 0.351 | L51: 0.351 | M51: 0.351 | N51: 0.351 | O51: 0.351 | P51: =ROUND(IF(P$32=0,0,P50/P$32),3) -> 0.352 | Q51: =P51*0.77 -> 0.27104
A52: 焦亚硫酸钠（食品级） | B52: kg | D52: =ROUND(D53*D$32,2) -> 3296.63 | E52: =ROUND(E53*E$32,2) -> 2034.78 | F52: =ROUND(F53*F$32,2) -> 2839.04 | G52: =ROUND(G53*G$32,2) -> 2970.77 | H52: =ROUND(H53*H$32,2) -> 2925.44 | I52: =ROUND(I53*I$32,2) -> 2986.83 | J52: =ROUND(J53*J$32,2) -> 3061.81 | K52: =ROUND(K53*K$32,2) -> 3050.91 | ... O52: =ROUND(O53*O$32,2) -> 2402.39 | P52: =SUM(D52:O52) -> 33324.78
A53: 单耗 | B53: kg/t | D53: 0.351 | E53: 0.36 | F53: 0.351 | G53: 0.351 | H53: 0.351 | I53: 0.351 | J53: 0.351 | K53: 0.351 | L53: 0.351 | M53: 0.351 | N53: 0.351 | O53: 0.351 | P53: =ROUND(IF(P$32=0,0,P52/P$32),3) -> 0.352 | Q53: =P53*0.77 -> 0.27104
A54: 六、能源动力消耗计划
A55: 水 | B55: t | D55: =ROUND(D56*D$32,0) -> 26861 | E55: =ROUND(E56*E$32,0) -> 16730 | F55: =ROUND(F56*F$32,0) -> 23456 | G55: =ROUND(G56*G$32,0) -> 24545 | H55: =ROUND(H56*H$32,0) -> 24170 | I55: =ROUND(I56*I$32,0) -> 24678 | J55: =ROUND(J56*J$32,0) -> 25297 | K55: =ROUND(K56*K$32,0) -> 25207 | ... O55: =ROUND(O56*O$32,0) -> 20054 | P55: =SUM(D55:O55) -> 275485
A56: 单耗 | B56: t/t | D56: 2.86 | E56: 2.96 | F56: 2.9 | G56: 2.9 | H56: 2.9 | I56: 2.9 | J56: 2.9 | K56: 2.9 | L56: 2.9 | M56: 2.93 | N56: 2.93 | O56: 2.93 | P56: =ROUND(IF(P$32=0,0,P55/P$32),3) -> 2.906 | Q56: =P56*0.77 -> 2.23762
A57: 电 | B57: 万Kw.h | D57: =ROUND(D58*D$32,0)/10000 -> 73.0799 | E57: =ROUND(E58*E$32,0)/10000 -> 45.579 | F57: =ROUND(F58*F$32,0)/10000 -> 63.9794 | G57: =ROUND(G58*G$32,0)/10000 -> 66.9481 | H57: =ROUND(H58*H$32,0)/10000 -> 65.9265 | I57: =ROUND(I58*I$32,0)/10000 -> 67.31 | J57: =ROUND(J58*J$32,0)/10000 -> 68.9998 | K57: =ROUND(K58*K$32,0)/10000 -> 68.7542 | ... O57: =ROUND(O58*O$32,0)/10000 -> 54.7074 | P57: =SUM(D57:O57) -> 751.1925
A58: 单耗 | B58: Kw.h/t | D58: 77.81 | E58: 80.64 | F58: 79.1 | G58: 79.1 | H58: 79.1 | I58: 79.1 | J58: 79.1 | K58: 79.1 | L58: 79.1 | M58: 79.93 | N58: 79.93 | O58: 79.93 | P58: =ROUND(IF(P$32=0,0,P57/P$32*10000),3) -> 79.242 | Q58: 61
A59: 蒸汽 | B59: t | D59: =ROUND(D60*D$32,0) -> 4602 | E59: =ROUND(E60*E$32,0) -> 2826 | F59: =ROUND(F60*F$32,0) -> 3963 | G59: =ROUND(G60*G$32,0) -> 4147 | H59: =ROUND(H60*H$32,0) -> 4084 | I59: =ROUND(I60*I$32,0) -> 4170 | J59: =ROUND(J60*J$32,0) -> 4274 | K59: =ROUND(K60*K$32,0) -> 4259 | ... O59: =ROUND(O60*O$32,0) -> 3422 | P59: =SUM(D59:O59) -> 46710
A60: 单耗 | B60: t/t | D60: 0.49 | E60: 0.5 | F60: 0.49 | G60: 0.49 | H60: 0.49 | I60: 0.49 | J60: 0.49 | K60: 0.49 | L60: 0.49 | M60: 0.5 | N60: 0.5 | O60: 0.5 | P60: =ROUND(IF(P$32=0,0,P59/P$32),3) -> 0.493 | Q60: 0.38
A61: 天然气 | B61: M3 | D61: =ROUND(D62*D$32,0) -> 7232 | E61: =ROUND(E62*E$32,0) -> 4522 | F61: =ROUND(F62*F$32,0) -> 6228 | G61: =ROUND(G62*G$32,0) -> 6517 | H61: =ROUND(H62*H$32,0) -> 6418 | I61: =ROUND(I62*I$32,0) -> 6552 | J61: =ROUND(J62*J$32,0) -> 6717 | K61: =ROUND(K62*K$32,0) -> 6693 | ... O61: =ROUND(O62*O$32,0) -> 5476 | P61: =SUM(D61:O61) -> 73774
A62: 单耗 | B62: M3/t | D62: 0.77 | E62: 0.8 | F62: 0.77 | G62: 0.77 | H62: 0.77 | I62: 0.77 | J62: 0.77 | K62: 0.77 | L62: 0.77 | M62: 0.8 | N62: 0.8 | O62: 0.8 | P62: =ROUND(IF(P$32=0,0,P61/P$32),3) -> 0.778 | Q62: =P62*0.77 -> 0.59906
A63: 七、污水排放计划
A64: 排水总量 | B64: m3 | D64: =ROUND((D32)*3.2,0) -> 30055 | E64: =ROUND((E32)*3.2,0) -> 18087 | F64: =ROUND((F32)*3.2,0) -> 25883 | G64: =ROUND((G32)*3.2,0) -> 27084 | H64: =ROUND((H32)*3.2,0) -> 26671 | I64: =ROUND((I32)*3.2,0) -> 27230 | J64: =ROUND((J32)*3.2,0) -> 27914 | K64: =ROUND((K32)*3.2,0) -> 27815 | ... O64: =ROUND((O32)*3.2,0) -> 21902 | P64: =SUM(D64:O64) -> 303353
A65: COD总量 | B65: t | D65: =D64*D66/1000000 -> 66.121 | E65: =E64*E66/1000000 -> 39.7914 | F65: =F64*F66/1000000 -> 56.9426 | G65: =G64*G66/1000000 -> 59.5848 | H65: =H64*H66/1000000 -> 58.6762 | I65: =I64*I66/1000000 -> 59.906 | J65: =J64*J66/1000000 -> 61.4108 | K65: =K64*K66/1000000 -> 61.193 | ... P65: =P64*P66/1000000 -> 667.3766
A66: COD浓度 | B66: mg/l | D66: 2200 | E66: 2200 | F66: 2200 | G66: 2200 | H66: 2200 | I66: 2200 | J66: 2200 | K66: 2200 | L66: 2200 | M66: 2200 | N66: 2200 | O66: 2200 | P66: 2200
A67: SS总量 | B67: t | D67: =D64*D68/1000000 -> 0 | E67: =E64*E68/1000000 -> 0 | F67: =F64*F68/1000000 -> 0 | G67: =G64*G68/1000000 -> 0 | H67: =H64*H68/1000000 -> 0 | I67: =I64*I68/1000000 -> 0 | J67: =J64*J68/1000000 -> 0 | K67: =K64*K68/1000000 -> 0 | ... P67: =P64*P68/1000000 -> 0
A68: SS浓度 | B68: mg/l
A69: 八、包装形式
A70: 果糖F42 | D70: =D18 -> 343.5 | E70: =E18 -> 52.5 | F70: =F18 -> 75 | G70: =G18 -> 107 | H70: =H18 -> 171 | I70: =I18 -> 313.5 | J70: =J18 -> 489.5 | K70: =K18 -> 457.5 | ... O70: =O18 -> 97.5 | P70: =SUM(D70:O70) -> 2860
A71: 吨箱 | P71: =SUM(D71:O71) -> 0
A72: 槽车 | D72: =D70-D71-D73 -> 343.5 | E72: =E70-E71-E73 -> 52.5 | F72: =F70-F71-F73 -> 75 | G72: =G70-G71-G73 -> 107 | H72: =H70-H71-H73 -> 171 | I72: =I70-I71-I73 -> 313.5 | J72: =J70-J71-J73 -> 489.5 | K72: =K70-K71-K73 -> 457.5 | ... O72: =O70-O71-O73 -> 97.5 | P72: =SUM(D72:O72) -> 2860
A73: 液袋 | P73: =SUM(D73:O73) -> 0
A74: 果糖F55 | D74: =D24 -> 11000 | E74: =E24 -> 7000 | F74: =F24 -> 10000 | G74: =G24 -> 10000 | H74: =H24 -> 10000 | I74: =I24 -> 10000 | J74: =J24 -> 10000 | K74: =K24 -> 10000 | ... O74: =O24 -> 8000 | P74: =SUM(D74:O74) -> 112000
A75: 吨箱 | P75: =SUM(D75:O75) -> 0
A76: 槽车 | D76: =D74-D75 -> 11000 | E76: =E74-E75 -> 7000 | F76: =F74-F75 -> 10000 | G76: =G74-G75 -> 10000 | H76: =H74-H75 -> 10000 | I76: =I74-I75 -> 10000 | J76: =J74-J75 -> 10000 | K76: =K74-K75 -> 10000 | ... O76: =O74-O75 -> 8000 | P76: =SUM(D76:O76) -> 112000
A77: 液袋 | D77: =D74-D75-D76 -> 0 | E77: =E74-E75-E76 -> 0 | F77: =F74-F75-F76 -> 0 | G77: =G74-G75-G76 -> 0 | H77: =H74-H75-H76 -> 0 | I77: =I74-I75-I76 -> 0 | J77: =J74-J75-J76 -> 0 | K77: =K74-K75-K76 -> 0 | ... O77: =O74-O75-O76 -> 0 | P77: =SUM(D77:O77) -> 0
A78: 果糖F60(73.5%) | D78: =D29 -> 922.736 | E78: =E29 -> 305.96 | F78: =F29 -> 456.012 | G78: =G29 -> 935.722 | H78: =H29 -> 698.192 | I78: =I29 -> 798.504 | J78: =J29 -> 919.136 | K78: =K29 -> 907.8 | ... O78: =O29 -> 837 | P78: =SUM(D78:O78) -> 8880.062
A79: 吨箱 | P79: =SUM(D79:O79) -> 0
A80: 6KG桶 | D80: =D78-D79 -> 922.736 | E80: =E78-E79 -> 305.96 | F80: =F78-F79 -> 456.012 | G80: =G78-G79 -> 935.722 | H80: =H78-H79 -> 698.192 | I80: =I78-I79 -> 798.504 | J80: =J78-J79 -> 919.136 | K80: =K78-K79 -> 907.8 | ... O80: =O78-O79 -> 837 | P80: =SUM(D80:O80) -> 8880.062
A81: 液袋 | D81: =D78-D79-D80 -> 0 | E81: =E78-E79-E80 -> 0 | F81: =F78-F79-F80 -> 0 | G81: =G78-G79-G80 -> 0 | H81: =H78-H79-H80 -> 0 | I81: =I78-I79-I80 -> 0 | J81: =J78-J79-J80 -> 0 | K81: =K78-K79-K80 -> 0 | ... O81: =O78-O79-O80 -> 0 | P81: =SUM(D81:O81) -> 0
A82: 主管副总： | H82: 部门经理： | N82: 编制：
A83: 注：表格中绿色部分为自动计算，原则上不允许修改，如需修改请及时与财务部预算处相关预算员沟通。
